username,full_text
seprida_9,Tak cuma uang pangkal cek rincian biaya kuliah anak yang perlu kamu perhitungkan! Pelajari juga tips siapkan dana pendidikan di sini! https://t.co/b461kiD4lm
zeusseonsu,kinda sad sm tahun baru kali ini cuz maybe this year may be my last new year with my family sblm lanjutin pendidikan kuliah diluar kalimantan:(
johncarmandolou,Tak cuma uang pangkal cek rincian biaya kuliah anak yang perlu kamu perhitungkan! Pelajari juga tips siapkan dana pendidikan di sini! https://t.co/VDqbG13wiK
unschema,@jaeghyunj semoga aku dapet rezeki buat kuliah sampe S2 + kuliah pendidikan profesi
yepeoji,- yang bagus buat anak-anak gue nanti biar anak-anak gue gak putus sekolah bisa kuliah syukur kalo bisa sampai S2 karena faktor pendidikan kecil besarnya menjamin masa depan yang cerah. Betul ges? 
YudhaShanny2,serta mempermudah distribusi berbagai program bansos termasuk subsidi pendidikan seperti Program Indonesia Pintar Kartu Indonesia Pintar (KIP) dan Kartu Indonesia Pintar Kuliah.
multabolot,Karena kelamaan menikmati pendidikan dasar-menengah dan pendidikan vokasi dengan kualitas rendah akhirnya memandang kuliah sebagai necessity. Bahkan sampai ada capres yang latah punya program 1 KK 1 Sarjana.
multabolot,I beg to disagree PTN terutama universitas sejak awal didesain untuk pusat riset. Sehingga harusnya gak semua orang perlu kuliah untuk bisa hidup berkecukupan. Jadi solusi yg bagus bukan murahin PTN tapi benerin kualitas pendidikan dasar-menengah.
aaallent,@unnesmenfess aamiin kalau ada niat baik buat nerusin pendidikan mesti ada jalannya nder semoga kamu selalu di beri kemudahan buat kuliah
taeggukbby,Gue disitu sakit hati bingung. Si ibu ini keliatan baik gue sama sekali gatau kalau bakal kaya gini. Gue mikir gue salah apa? Gue gak ditegur salahnya gue dimana tapi langsung ke pendidikan. Gue juga maunya kuliah duit darimana? Gue bodoh banget disitu.
lvnoxx,@tanyakanrl kl bapakku lebih ke pendidikan atau yg nyangkut barang buat kuliah psti lgsg dbeliin
Anisaaputri24,Gw bahkan kurang banget dapet kasih sayang dari bokap karena udah di tinggal dari kecil dan ketemu lagi pas udah SMP. Untung aja bokap ga ngelupain gw sebagai anak kandungnya dan bertanggung jawab buat ngebiayain pendidikan gw sampe lulus kuliah.
johncarmandolou,Tak cuma uang pangkal cek rincian biaya kuliah anak yang perlu kamu perhitungkan! Pelajari juga tips siapkan dana pendidikan di sini! https://t.co/rlEb1uNneK
kaizyblue,@xolovephine @mikrokosmos66 Karna pendidikan pramugari dan kuliah umum beda kak meskipun dia lulus sekolah pramugari dan jadi pramugari dia tetep bisa kuloah di kampus umum setauku ..waktu itu tetanggaku dia gak kuliah umum gitu
hanafikhalid833,@xbaebearx @convomf Sekarang ortu sudah mulai mengerti pendidikan bagi perempuan hingga kuliah namun banyak yang terhalang dengan kemampuan
howlydays,Here's the detail. Beberapa hasil dibawah ini benar-benar menunjukkan bahwa kuliah dan pendidikan tinggi bisa merubah pola pikir seseorang menjadi lebih rasional dan lebih kreatif. https://t.co/vJ9VWdVJEB
Ptrmasp,@mikrokosmos66 Ga ada hubungan nya deh masalah pribadi dia ama kuliah nya emang klo di selingkuh ga berhak dpt pendidikan ya? Serius nanya
lespreolov,@convomf Makanya aku sendiri gak pernah mikir status pendidikan orang asal dianya bener aja cara pola pikirnya karena keinget temen dulu mau kuliah cuma gak ada dana giliran mau nyoba di luar provinsi buat dapet beasiswa gak dibolehin sama ortunya karena akan beban. 
Ibellcangtip,@sbyfess Apakabar aku yg kuliah cm nurut sm ortu hahaha Habis wisuda disuruh ambil magister iya nurut habis wisuda lagi malah nikah hahahaha Tapi kalau ada orang yg bilang haduh sekolah tinggi2 Ujung2nya jadi ibu rmh tangga aja aku marah ya Fyi pendidikan anak pertama dari rmh ya
fikriarya98,Tahun 2023 banyak tugas kuliah yg meresahkan Tapi untungnya IPK ku tidak begitu menyedihkan Tahun 2024 semoga semuanya membahagiakan Apalagi jika urusan pendidikan ku dilancarkan ââ @TelkomIndonesia #ElevatingYourFuture @lemonadefe @muhamad_rizqi7 @ainunsarawt
fikriarya98,Tahun 2023 banyak tugas kuliah yg meresahkan Tapi untungnya IPK ku tidak begitu menyedihkan Tahun 2024 semoga semuanya membahagiakan Apalagi jika urusan pendidikan ku dilancarkan â @TelkomIndonesia #ElevatingYourFuture @lemonadefe @muhamad_rizqi7 @ainunsarawt
fikriarya98,Tahun 2023 banyak tugas kuliah yg meresahkan Tapi untungnya IPK ku tidak begitu menyedihkan Tahun 2024 semoga semuanya membahagiakan Apalagi jika urusan pendidikan ku dilancarkan â @TelkomIndonesia #ElevatingYourFuture @lemonadefe @muhamad_rizqi7 @ainunsarawt
fikriarya98,Tahun 2023 banyak tugas kuliah yg meresahkan Tapi untungnya IPK ku tidak begitu menyedihkan Tahun 2024 semoga semuanya membahagiakan Apalagi jika urusan pendidikan ku dilancarkan â @TelkomIndonesia #ElevatingYourFuture @lemonadefe @muhamad_rizqi7 @ainunsarawt
fikriarya98,Tahun 2023 banyak tugas kuliah yg meresahkan Tapi untungnya IPK ku tidak begitu menyedihkan Tahun 2024 semoga semuanya membahagiakan Apalagi jika urusan pendidikan ku dilancarkan â @TelkomIndonesia #ElevatingYourFuture @lemonadefe @muhamad_rizqi7 @ainunsarawt
fikriarya98,Tahun 2023 banyak tugas kuliah yg meresahkan Tapi untungnya IPK ku tidak begitu menyedihkan Tahun 2024 semoga semuanya membahagiakan Apalagi jika urusan pendidikan ku dilancarkan @TelkomIndonesia #ElevatingYourFuture @lemonadefe @muhamad_rizqi7 @ainunsarawt
fikriarya98,Tahun 2023 banyak tugas kuliah yg meresahkan Tapi untungnya IPK ku tidak begitu menyedihkan Tahun 2024 semoga semuanya membahagiakan Apalagi jika urusan pendidikan ku dilancarkan @TelkomIndonesia #ElevatingYourFuture @lemonadefe @muhamad_rizqi7 @ainunsarawt
fikriarya98,Tahun 2023 banyak tugas kuliah yg meresahkan Tapi untungnya IPK ku tidak begitu menyedihkan Tahun 2024 semoga semuanya membahagiakan Apalagi jika urusan pendidikan ku dilancarkan @TelkomIndonesia #ElevatingYourFuture @lemonadefe @muhamad_rizqi7 @ainunsarawt
fikriarya98,Tahun 2023 banyak tugas kuliah yg meresahkan Tapi untungnya IPK ku tidak begitu menyedihkan Tahun 2024 semoga semuanya membahagiakan Apalagi jika urusan pendidikan ku dilancarkan â @TelkomIndonesia #ElevatingYourFuture @lemonadefe @muhamad_rizqi7 @ainunsarawt
fikriarya98,Tahun 2023 banyak tugas kuliah yg meresahkan Tapi untungnya IPK ku tidak begitu menyedihkan Tahun 2024 semoga semuanya membahagiakan Apalagi jika urusan pendidikan ku dilancarkan â @TelkomIndonesia #ElevatingYourFuture @lemonadefe @muhamad_rizqi7 @ainunsarawt
fikriarya98,Tahun 2023 banyak tugas kuliah yg meresahkan Tapi untungnya IPK ku tidak begitu menyedihkan Tahun 2024 semoga semuanya membahagiakan Apalagi jika urusan pendidikan ku dilancarkan @TelkomIndonesia #ElevatingYourFuture @lemonadefe @muhamad_rizqi7 @ainunsarawt
fikriarya98,Tahun 2023 banyak tugas kuliah yg meresahkan Tapi untungnya IPK ku tidak begitu menyedihkan Tahun 2024 semoga semuanya membahagiakan Apalagi jika urusan pendidikan ku dilancarkan â @TelkomIndonesia #ElevatingYourFuture @ainunsarawt @momovvin @firmansyahasl
fikriarya98,Tahun 2023 banyak tugas kuliah yg meresahkan Tapi untungnya IPK ku tidak begitu menyedihkan Tahun 2024 semoga semuanya membahagiakan Apalagi jika urusan pendidikan ku dilancarkan â @TelkomIndonesia #ElevatingYourFuture @ainunsarawt @momovvin @firmansyahasl
fikriarya98,Tahun 2023 banyak tugas kuliah yg meresahkan Tapi untungnya IPK ku tidak begitu menyedihkan Tahun 2024 semoga semuanya membahagiakan Apalagi jika urusan pendidikan ku dilancarkan â @TelkomIndonesia #ElevatingYourFuture @ainunsarawt @momovvin @firmansyahasl
fikriarya98,Tahun 2023 banyak tugas kuliah yg meresahkan Tapi untungnya IPK ku tidak begitu menyedihkan Tahun 2024 semoga semuanya membahagiakan Apalagi jika urusan pendidikan ku dilancarkan @TelkomIndonesia #ElevatingYourFuture @ainunsarawt @momovvin @firmansyahasl
fikriarya98,Tahun 2023 banyak tugas kuliah yg meresahkan Tapi untungnya IPK ku tidak begitu menyedihkan Tahun 2024 semoga semuanya membahagiakan Apalagi jika urusan pendidikan ku dilancarkan ï¸ @TelkomIndonesia #ElevatingYourFuture @ainunsarawt @momovvin @firmansyahasl
fikriarya98,Tahun 2023 banyak tugas kuliah yg meresahkan Tapi untungnya IPK ku tidak begitu menyedihkan Tahun 2024 semoga semuanya membahagiakan Apalagi jika urusan pendidikan ku dilancarkan @TelkomIndonesia #ElevatingYourFuture @ainunsarawt @momovvin @firmansyahasl
fikriarya98,Tahun 2023 banyak tugas kuliah yg meresahkan Tapi untungnya IPK ku tidak begitu menyedihkan Tahun 2024 semoga semuanya membahagiakan Apalagi jika urusan pendidikan ku dilancarkan @TelkomIndonesia #ElevatingYourFuture @ainunsarawt @momovvin @firmansyahasl
fikriarya98,Tahun 2023 banyak tugas kuliah yg meresahkan Tapi untungnya IPK ku tidak begitu menyedihkan Tahun 2024 semoga semuanya membahagiakan Apalagi jika urusan pendidikan ku dilancarkan @TelkomIndonesia #ElevatingYourFuture @ainunsarawt @momovvin @firmansyahasl
fikriarya98,Tahun 2023 banyak tugas kuliah yg meresahkan Tapi untungnya IPK ku tidak begitu menyedihkan Tahun 2024 semoga semuanya membahagiakan Apalagi jika urusan pendidikan ku dilancarkan @TelkomIndonesia #ElevatingYourFuture @ainunsarawt @momovvin @firmansyahasl
fikriarya98,Tahun 2023 banyak tugas kuliah yg meresahkan Tapi untungnya IPK ku tidak begitu menyedihkan Tahun 2024 semoga semuanya membahagiakan Apalagi jika urusan pendidikan ku dilancarkan @TelkomIndonesia #ElevatingYourFuture @ainunsarawt @momovvin @firmansyahasl
fikriarya98,Tahun 2023 banyak tugas kuliah yg meresahkan Tapi untungnya IPK ku tidak begitu menyedihkan Tahun 2024 semoga semuanya membahagiakan Apalagi jika urusan pendidikan ku dilancarkan @TelkomIndonesia #ElevatingYourFuture @ainunsarawt @momovvin @firmansyahasl
fikriarya98,Tahun 2023 banyak tugas kuliah yg meresahkan Tapi untungnya IPK ku tidak begitu menyedihkan Tahun 2024 semoga semuanya membahagiakan Apalagi jika urusan pendidikan ku dilancarkan @TelkomIndonesia #ElevatingYourFuture @ainunsarawt @momovvin @firmansyahasl
fikriarya98,Tahun 2023 banyak tugas kuliah yg meresahkan Tapi untungnya IPK ku tidak begitu menyedihkan Tahun 2024 semoga semuanya membahagiakan Apalagi jika urusan pendidikan ku dilancarkan @TelkomIndonesia #ElevatingYourFuture @lemonadefe @2_dumi @muhamad_rizqi7
fikriarya98,Tahun 2023 banyak tugas kuliah yg meresahkan Tapi untungnya IPK ku tidak begitu menyedihkan Tahun 2024 semoga semuanya membahagiakan Apalagi jika urusan pendidikan ku dilancarkan @TelkomIndonesia #ElevatingYourFuture @lemonadefe @2_dumi @muhamad_rizqi7
fikriarya98,Tahun 2023 banyak tugas kuliah yg meresahkan Tapi untungnya IPK ku tidak begitu menyedihkan Tahun 2024 semoga semuanya membahagiakan Apalagi jika urusan pendidikan ku dilancarkan @TelkomIndonesia #ElevatingYourFuture @lemonadefe @2_dumi @muhamad_rizqi7
AdiKusumaz,Gak sabar lihat DKI Jakarta jadi pusat pendidikan mulai dari yang miskin bisa kuliah! # @niaraaesgyu #GanjarMahfud2024 #GanjarMahfudM3nang #L3bihbaik https://t.co/GRmBgmkqyq
dimasazkaaa,Pendidikan adalah hak semua orang Ganjar-Mahfud punya misi kuat buat pastiin anak-anak dari keluarga miskin bisa dapetin kesempatan yang sama buat kuliah. @nayanika_kim #GanjarMahfud2024 #GanjarMahfudM3nang #L3bihbaik https://t.co/BKG7X8lvhw
RatnaHerlinn,Ganjar - Mahfud memperlihatkan kepedulian mendalam terhadap pendidikan dengan Kuliah Gratis untuk Anak Prajurit &amp; Bhayangkara @kjakakkak #GanjarMahfud2024 #GanjarMahfudM3nang #L3bihbaik https://t.co/xKUgU0sOgI
keyshazhraaa4,Dengan Kuliah Gratis untuk Anak Prajurit &amp; Bhayangkara Ganjar - Mahfud mendukung pendidikan sebagai bentuk penghargaan kepada keluarga militer @justmehai #GanjarMahfud2024 #GanjarMahfudM3nang #L3bihbaik https://t.co/xTG9khk11P
dareendhy,Ganjar - Mahfud menekankan pentingnya akses pendidikan tinggi yang merata bagi seluruh masyarakat Indonesia melalui program Kuliah Gratis untuk Anak Prajurit &amp; Bhayangkara @K71209 #GanjarMahfud2024 #GanjarMahfudM3nang #L3bihbaik https://t.co/cchBnXUmoN
hnsel_PS,Kalo worth pendidikan cuma mikirin BEP ya begini jadi tolol opinion. Kecuali kalo si calon mahasiswa ini sendiri yang cari duit buat kuliahnya sendiri selain dari ini tetep harus empati sama ortu masing2 untuk milih tempat kuliah sesuai kemampuan ortunya bukan BEPnya
Hendrikorachman,Manusia penjilat asal usulnya dari ekonomi menengah bkn dari org missqueen.Salah satunya biaya pendidikan mahal akhirnya korupsi demi anak dpt kuliah bergengsi berbiaya mahal krn ketimpangan kualitas kampus Cc @ganjarpranowo @mohmahfudmd @PDI_Perjuangan @ferrykoto @aniesbaswedan
ikhwanmaulanaf_,Kuliah pendidikan kalau lulus ga mikirin jadi guru yg penting kerja ae lahh https://t.co/wAqrclswyS
Hendrikorachman,Jumlah mahasiswa seluruh +62 sbyk 7.8 jt sdgkan SMA 28 jt diluar kejuruan. Jumlah org missqueen 26 jt menengah 115 jt. Artinya yg bermasalah itu ekonomi menengah kesulitan utk biaya kuliah krn biaya pendidikan mahal Cc @ganjarpranowo @PDI_Perjuangan @mohmahfudmd @aniesbaswedan
vioIinzh,i'm so nosy.. hao kuliah jurusan pendidikan musik pasti dia pernah dapat tugas buat aransemen lagu atau bahkan compose lagu juga... I'M SO NOSY I WANT TO KNOWWWWW i want to listen to his arrangement and/or composed songs.... https://t.co/SHYVwN8wFs
ikhwanuddin,@christia_wan @madHink capres lain sdh agendakan program yg memastikan ketersediaan bangku kuliah utk semua postur pendidikan kita jelek terlalu piramida. SD gede SMP gede SMA ramping S1 sempit apalagi S2 S3 program 2 capres ini nyambung kampus harus cukup kalau mau 1 keluarga 1 sarjana
oldliqueur,mereka ngobrol santai aja hari itu tp bedanya hari ini di kafe. k4rina ngasih tau kalo dia mau pindah besok katanya mau lanjut kuliah di New York. w1nter sedih si tp ya pendidikan emang penting. akhirnya dia nawarin buat anter ke bandara. k4rina setuju soalnya w1nter ngeyel.
RianWidagdo,Yang mau kuliah S1 gratis di Oxford/Cambridge bisa coba beasiswa ini. #kuliah #beasiswa #pendidikan KULIAH S1 GRATIS DI INGGRIS https://t.co/JwcDO8pA0y
seprida_9,Tak cuma uang pangkal cek rincian biaya kuliah anak yang perlu kamu perhitungkan! Pelajari juga tips siapkan dana pendidikan di sini! https://t.co/gAPPNjLjJ9
hasanbunir,@indiratendi Ini kejadian sm kakak sy hrs membiayai 4 org anaknya meski hrs pontang panting....alhamdulillah anak pertamanya stlh selesai kuliah dpt kerja bagus dan bs membantu biaya pendidikan adik2 nya bahkan mau di kuliahin S2 sm perusahaan
Suczking,Ini kalo ada yang kesinggung perihal tweet di postingan kemampuan literasinya dipertanyakan bjir. Apa salahnya kuliah di Top PTN dengan biaya pendidikan murah? Kaga semua orang dapet beasiswa kaga semua orang punya privilege duit orangtua.
theperintis,bismillah kuliah nanti ikut duta pendidikan
haicapeyea,untuk saat ini mommy pastikan pendidikan nomor satu! walo telat tipis2 kmren karnaa biaya kuliah mahal bgt aku nda sanggup untuk biayain diri sndiri hehe:( oh ya rencananya taun dpn mau lanjut s2! biar kalo km nanya2 ttg dunia ini aku bisa jwb dengan pengetahuanku!
englishfess_,hello there! absen coba yang jurusan kuliah nya pendidikan bahasa inggris. honestly sender ambil jurusan ini karena ambil bahasa inggris nya doang is it okay? eng!
nemowith3line1,Yg artinya lagi kalau mau kuliah harus sadar konsekuensi dari awal alias bayar sendiri. Dan lanjut pertanyaan bukannya negara bisa maju kalau di dukung oleh riset dan teknologi dan semua itu rasa2nya susah di gapai kalau rata2 pendidikan orang2 kita hanya lulusan SMA/SMK??
tramssu,Lo tau gk yg mahal di dunia itu apa? Yap pendidikan. Kenapa? Akar dri semua kompleksitas dunia tuh ada di pendidikan. Pola pikir gk bisa diukur pke ukuran manusia. Kta mma pas udh lulus kuliah lo bru bisa tau trnyata pnddikan tuh gk bisa diukur apa apa. Ada prbedaan signifikan
ramaparamahams,Kita terbius liberalisasi pendidikan bahwa kuliah memang harus mahal...
selstudd,@biehoen YA ALLAH SEMOGA IPK KITA 3.5++++ YA ALLAHHHH DOA INI BERLAKU UNTUK AKU KAMU DAN KITA YANG SEDANG MENEMPUH PENDIDIKAN DI KULIAH. SEMOGA ALLAH MEMBERI KITA KEBAHAGIAAN DENGAN MELIHAT NILAI YANG DIHARAPKAN YA ALLAH AAMIIN
Kosimatkasah,@Ghurem2 @panjianom102 Program KTP Sakti ini bakal menyatukan berbagai program bansos yang sudah ada seperti subsidi pendidikan meliputi Program Indonesia Pintar Kartu Indonesia Pintar (KIP) dan Kartu Indonesia Pintar Kuliah. #KTPSaktiGanjar
airmaxtu,@mantriss Well Ada UT yg sdh mendapat mandat negara dlm meratakan pendidikan jenjang sarjana. Bahkan TKi pun msh bs kuliah di UT. Sbgian Pemda &amp; pihak UT ngasih beasiswa. Tp balik lagi ke masyarakatnya. Mau apa g? Di pihak pemerintah juga jgn lupa soal lowongan kerja. U know lah
Kosimatkasah,Program KTP Sakti ini bakal menyatukan berbagai program bansos yang sudah ada seperti subsidi pendidikan meliputi Program Indonesia Pintar Kartu Indonesia Pintar (KIP) dan Kartu Indonesia Pintar Kuliah. #KTPSaktiGanjar https://t.co/CMhQ9N4X8o
seprida_9,Tak cuma uang pangkal cek rincian biaya kuliah anak yang perlu kamu perhitungkan! Pelajari juga tips siapkan dana pendidikan di sini! https://t.co/fSYXS7KHcP
foavorit,baca baca in uang yg dibutuhkan untuk IISMA dan sadar pendidikan ku terhalang ekonomi mimpi yg mw gue capai bgt itu ketika udh ngerasain gmna hidup di luar negeri nyambi kerja/kuliah
myungjaepsdo,gak rekomenin lu semua kuliah di universitas pendidikan indonesia kalo ngamau tiap tahun baru kewarasannya ilang
urmyshineee,yaudah disitu ngobrol lah dan bapak bilang kalo kamu keterima nanti lanjutin itu pun karna bapak dapet wejangan dari teman-teman juga sodara lain kek kalo buat pendidikan rejeki insyaAllah selalu ada. dan udah deh terkabul lah bisa kuliah di sana dan usaha bareng sama ortu
jno_ya,anak UI tapi logika ga jalan ini jadi PR penting pendidikan kita. bayangin kuliah di universitas bergengsi tapi logika ga jalan apa ga merasa bodoh itu dosennya 
histeoric,Banyak apalagi kalau masa UAS. Semester ini ada mata kuliah Strategi Pembelajaran Kurikulum BSI Bahasa dan Sastra Pendidikan dan Dasar-dasar Wacana.
Dyrann_,@Kemdikbud_RI Jadi kating2 ini tau pasti d suruh bersihkan rumahnya semacam ngarit2 seperti itu. Mohon dengan sangat pak diperhatikan. Serasa ga guna kuliah kalo masi ada ginian di tenaga pendidikan. Salam hormat
didikpos,Buat yang mau masuk IPB jalur SNBP dan SNBT nih Ada 15 jurusan kuliah di IPB yang daya tampungnya cukup besar source: @ipb24jam #pendidikan #indonesia #sekolah #belajar #pendidikanindonesia #education #mahasiswa #pendidikankarakter #bimbel #guru #edukasi #kuliah #kampus https://t.co/JvSqnQXFRQ
J3MBOOT,@famsgariskeras @kkkuidaore https://t.co/gOpMVAH4ml sure tegar aja clearly she had a point when someone couldn t afford untuk kuliah di fh dan malah disuruh jangan masuk fakultas itu bukannya malah protes ukt tinggi. pendidikan untuk semua kalangan bukan?
dennis85_,@DedynurPalakka @kaesangp @psi_id Ya ampun mas. Hidup enak sejak kecil materi terjamin akses pendidikan luar negeri lulus kuliah ga perlu cari kerja cukup bisnis dgn permodalan yang mudah privilage anak presiden dibuatkan jalan tol utk karir politik dll dll. Masak cuma keliling Indonesia aja nggak mau?
shimiezzu,More like kuliah pendidikan Abang kuliah teknik adek wkwkwkwk
snjajokitugas,@nafiskaa__ aku anak pendidikan. bisa banget dan tau banget tipe soal HOTS tiap jenjang sekolah
amorexun,when u disuruh evaluasi dosen tapi dosennya ga terima dan lagi2 ancaman klasik dengan nilai. where's the kebebasan berpendapat? lingkungan pendidikan tinggi loh. that dosen juga pernah kuliah lol disgusting af
inspekturladusi,@rahung org org yg pendidikan ga sampe kuliah memandang mahasiswa sbg org yg pintar benar dan terdidik. eh argumennya sampah dari tiktok semua. asuu asuu
Jjknovsnf,tolol kalo emg orang tua lo ud gamampu buat ngebiaya in pendidikan lo lo usaha kek kerja sambil kuliah bisa gausa jadi beban buat kakak lo apalagi dia ud berkeluarga. seharusnya sampe situ aja lo bs mikir wkwk emg dasarnya beban aja lo nya.
pinkypuppies,@collegemenfess Saya kuliah pendidikan bahasa inggris - lemah - letih - loyo - lesu - asam lambung Selalu DIANGGAP SBG KAMUS BERJALAN DAN BISA BERBICARA FAFIFU WASWESWOS - stress - anxiety - oxford dictionary - mabok jurnal - asam lambung
hellonesa_,@tanyarlfes 1. rumah 2. mobil 3. pendidikan 4. ga akan dibanding-bandingkan 5. bebas memilih yg diinginkan selagi dlm batasan agama 6. bebas mau kuliah apa tp saranin technic engineering ga akan dapat tamparan 7. lets see
MIFS_72,Yang bilang BPJS gratis bukannya PSI? Yang bilang pendidikan (kuliah sih sebenernya) gratis bukannya Gelora?
AoiLivid,GA GUNA KALO LO MAHASISWA TAPI BERTINGKAH KYK ITU MAHASISWA GA ADA PENDIDIKAN MAHASISWA TOLOL baru sekarang gw tau berapa banyak mahasiswa yang coasting kuliah lewat jalur uang aja.
serendespity,@belummandipagi Kamu adalah aku ga pernah mau kalo disuruh jadi guru padahal kuliah jurusan pendidikan
anflfkdl,@sbmptnfess UNS murah? Wkwkwkwk Aku dan adikku sama sama kuliah di prodi pendidikan yg bukan MIPA dan dan ga banyak praktikum. Adik di UNS aku di PTN Pendidikan Provinsi sebelah. Ukt adekku 1 juta lebih tinggi daripada ukt-kuã¡dan itu jaket almamater UNS dijual terpisah bayar lagi
Gvnjrhm,@zanatul_91 inilah yg membuat gw switch career setelah lulus kuliah karena isu pendidikan di negeri ini masih panjang urusannya. dan sekarang ngurus pendidikan anak alhasil harus diskusi panjang lebar supaya terlahir generasi yang lebih cakap. Kedepannya smg pendidikan di negri ni berkembang
bisultae_,@convomfs Pendidikan banh dari nangisin ketolak snbp gagal daftar pbutm utbk bayar ukt ongkos pp kuliah pembayaran buku sampe tugas UAS yang gada habis-habisnya 
bagbigbuk, Saya kuliah pendidikan guru dasar - lemah - fix jadi guru - berarti di sd ya ngajarnya? Saya MEREALISASIKAN ALINEA KE-4 UUD 1945 - tegas - patriotik - pahlawan gen z era
inikambeng,@himatchajau @worksfess Semua orang punya rejeki masing masing bahkan lulusan sd juga bisa kerja. Tapi kamu harus paham kalau pendidikan lebih tinggi kesempatanmu lebih luas. Kesempatan itu tetmasuk pengembangan karir. Emang betul ada yang ga kuliah tapi bisa sampe c level tapi cuma berapa persen?
byaciaa,tapi kadang mikir tingkat pendidikan di indonesia rendah sedangkan bayar sekolah emang mahal. punya banyak temen yg pinter tapi ga lanjut kuliah karna kendala ekonomi. tapi kan banyak beasiswa engga juga informasi kayak gitu ga menyebar secara merata.
SmudgeStan,@cgrttsafter_cry Minta orang yang ga pernah ngenyam pendidikan formal untuk beradab tapi mereka yang sampe ke bangku kuliah berlaku biadab.
nobronizz,@convomfs pendidikan terlalu problematik dlm menjalani kuliah
Gojekmilitan,Bener pak @aniesbaswedan biaya pendidikan untuk jadi dokter tinggi saya merasakan biaya anak saya selain biaya kuliah alat praktek kuliah biayanya mahal Atas dasar in saya bercita-cita mendirikan pondok Tanfidz Qur'an agar anak yatim bisa Kuliah dari jalur Hafidz Qu'an https://t.co/SUKoEOwe0t
gentrifybimbo,@rubyleave yg gw heran tuh knp suhu di bangkok msh bisa nyampe 19-20 derajat pdhl itu kota pesisir iklim tropis. pendidikan gak beda jauh tp jauh lebih inklusif + kek ny enak jg kuliah pke seragam hahah yg disayangin sih layanan bus di sana msh jelek terus tarif kereta urban ny overprice
Daebucinapon_,Sungkem sama gua soale ya angzay dia lagi pendidikan dan gua udh lulus kuliah
sagaaloves,@shopeecandy @worksfess Haiii boleh bgt krn km ttp bs daftar pake ijazah s1 kamu. Tp krn nanti sistem pendidikan/ penempatannya itu bs seluruh Indonesia ya itu km hrs consider jg gmn kuliah s2 kamu klo km ga di kota yg sama
Kurniawati5394,@Melihat_Indo jasa bapak untuk pendidikan Indonesia sangat besar pak bagaimana mereka yang tidak pernah bermimpi kuliah akan kuliah karena bapak
CakrawalaUniv, Memilih jurusan kuliah sesuai passion pastinya asik banget! Di thread ini Mimin akan share tips dan trik untuk membantu teman-teman menemukan jalur pendidikan sesuai dengan passion! Let's explore!
febri697909,@Melihat_Indo Benar sekali Semua orang berhak untuk mengenyam pendidikan yang sama apalagi dengan visi misi Pak Ganjar anak-anak bisa kuliah hingga sarjana
aaaaaaaannggggg,@collegemenfess pencapaian orang tuh beda2 ga si? klo suka pendidikan yaa monggo kalo mau kerja dulu juga silahkan mau berumah tangga dulu juga silahkan kita ga ada keharusan buat suka kuliah/ingin nikah dsb. yg oenting bertanggung jawab sama diri sendiri. Bismillah 2024 lanjut S2
adaterusji,Soal dukung mendukung tak ada hubungannya dengan tingkat pendidikan karena di negeri ini berpendidikan tinggi atau well-educated tidak menjamin seseorang itu cerdas karena gelar sarjana hanya tanda bahwa seseorang itu pernah kuliah.....
siagaselalu,Ganjar akan biayai pendidikan anak keluarga miskin hingga kuliah #GanjarPeduliGenerasiRI https://t.co/EDwsDs3FHk
compliceited,@worksfess + masih general bgt gaada achievement berupa angka - link apapun gausah pake http/www didepannya - pendidikan cukup 1 terakhir aja - ga perlu cantumin mata kuliah relevan lebih baik cantumin pengalaman proyek atau skripsi ada guide &amp; template CV di bioku klik aja
utfess,bayar uang kuliah ut! per semester lewat 0v0 gitu ada kendala gk ya? rencananya mau pisahin duit lewat situ buat biaya pendidikan dan kebetulan ada opsi biaya pendidikan ke ut
shxxxvii,Apa ya? Emaknya alpha girl sugar mommy untuk dirinya sendiri dan juga kucingnya dan juga aware sama mental healthness karena kuliah pendidikan jd tau psikolog dasar psikolog anak dan remaja terus pny guru private soalnya emaknya guru
misaksi,@arifin_writer @syaithannn @PartaiSocmed kalo Lo Masi ngotot pendidikan pendukung PAGI lebih banyak kuliahnya lo brrti gbisa baca. pendidikan kuliah 45.8 diatasnya ada SMA 49.7 yang bahkan lebih rendah drpd SD 46.7.
lapetop1,@nuggetpedaz Betul bnyk org desa yg pendidikan rendah tpi sesungguhnya mrk cerdas dan kritis lho. Kita selama ini bnyk dibohongi oleh angka statistik rata pendidikan cma SMP. Pdhl seperti kata bung RG ijazah hanya tanda org kuliah bkn berpikir
misaksi,@arifin_writer @syaithannn @PartaiSocmed baca lagi komen gue masa gapaham. mau Lo bandingin pendidikan nya pekerjaan nya PAGI itu lebih banyak daripada Anies jadi ya perbandingan nya pake rasio lah. dari total pendukung Anies pendukung nya paling banyak kuliah sedangkan Prabowo SMA Masi Denial jg?
yourlittlepuff,@utfess kalo kuliah pendidikan kimia ga rekomended sih buat aku full online bener2 bingung kalo belajar sendiri
Brullsz,@rainnrf sbnrnya upi tu ga cuma buat lulusan guru aja (kecuali lu ambil jurusan yg pendidikan iya). Sbnrnya UPI sm UNJ tu dl sama (kl gaslh) krna dlu sm2 namanya IKIP ya mmng buat yg mau jadi guru kuliah dsna. tp skrng udh umum ga cuma buat yg mo guru aja. gua skrng jg gap mo ambil k bdg
misaksi,@arifin_writer @syaithannn @PartaiSocmed ya mau dibandingin sama peternah SD kuliah IRT jg menang pagi. kalo mau bandingin ya berdasarkan tiap Paslon paling banyak dari mana? hasilnya kan Anies paling tinggi dokter pengacara pengusaha dgn pendidikan kuliah Prabowo paling tinggi ibu rumah tangga dgn pendidikan SMA
egyptmoses911, Ganjar Pranowo janji bakal biayai pendidikan Anak keluarga miskin hingga kuliah #GanjarPeduliGenerasiRI #GanjarPeduliGenerasiRI https://t.co/NFLdRJrPy6
genie037, Ganjar Pranowo janji bakal biayai pendidikan Anak keluarga miskin hingga kuliah #GanjarPeduliGenerasiRI #GanjarPeduliGenerasiRI https://t.co/ysJ4WNksag
wlitches,@collegemenfess iya saya kuliah pendidikan bahasa inggris - lemah - mabok phonetic - guru honorer gaji under umr saya kuliah untuk mendidik anak bangsa biar Indonesia tololnya gak tolol banget - INDEPENDENT WOMAN - GIBAH TANPA ADA YG NGERTI - DAPAT HATI LORENZO - tetep honorer
pksbogor,Misalnya saja hari ini di Desa Pasir Jambu Kecamatan Sukaraja. Ibu-ibu remaja dan orang tua berbaur bersama dalam kegiatan tebus murah. salah satu orang tua yang hadir menyampaikan rasa terima kasih kepada Habib karena anaknya bisa kuliah berkat program advokasi pendidikan.
NKRIBerbicara,Ganjar akan biayai pendidikan anak keluarga miskin hingga kuliah. #GanjarPeduliGenerasiRI
NKRIBerbicara,Ganjar akan membiayai pendidikan anak keluarga miskin hingga kuliah. #GanjarPeduliGenerasiRI https://t.co/KxjPyLWwxR
egyptmoses911, Ganjar Pranowo akan biayai pendidikan Anak keluarga miskin hingga kuliah #GanjarPeduliGenerasiRI #GanjarPeduliGenerasiRI https://t.co/nX6FFN73Gn
genie037, Ganjar Pranowo akan biayai pendidikan Anak keluarga miskin hingga kuliah #GanjarPeduliGenerasiRI #GanjarPeduliGenerasiRI https://t.co/lQJk0K86Q1
bugykoda,Guys level perguruan tinggi itu bukan lagi mengajarkan mana yg benar dan yg salah. Alasannya: - materi kuliah itu lebih kompleks. Waktu 4 tahun atau kurang itu mepet. - usia kuliah udah dewasa. Udah bisa cari informasi sendiri. - pendidikan akhlak dan norma di usia kuliah sulit.
egaoctavianiii,Ini pada saat dibangku perkuliahan karena ada mata kuliah mengetik 10 jari. Makin naik semester makin terasah dan aku serta beberapa temanku : Ipeh dan Diana ditunjuk buat mengikuti kompetisi tersebut (mereka hebat loh karena background pendidikan sebelumnya SMA~
sheshersslf,@tanyarlfes oh iya pendidikan. aku bakal usahain sekuat apapun buat ngasih dia pendidikan terbaik. karena aku dulu gabisa kuliah aku pengen anakku sekolah setinggi mungkin. even dia pengen sekolah ke luar negeri bakalan ku usahain.
mum_id,Persyaratan: * Diutamakan Perempuan; * Usia 18 - 25 tahun; * Pendidikan min. SMA/SMK sederajat; * Tidak sedang kuliah; * Mampu mengendarai sepeda motor Periode Pendaftaran: 28 Desember 2023 - 08 Januari 2024 Pelaksanaan seleksi: 09 Januari 2024
ruru01077,@Melihat_Indo Luar biasa kisah perjuanganmu Mas Ramdhan! Mskpun hrs bekerja sambil kuliah semangatmu mmbktikn bahwa setiap org berhak mndptkan pendidikan. Salut jg utk Program Satu Keluarga Satu Sarjana yg diusung Pak Ganjar smga bsa membuka pintu kesempatan bgi lebih banyak generasi muda.
daiqys,Kerja wirausaha. aku pengen jadi boss soalnya wkwk sambil ngajar sih biar ilmu ku bermanfaat. kebetulan juga aku kuliah pendidikan.
nikkiaja26,@tanyarlfes Sama kyk aku gaakan dikasih kerjaan rumah pendidikan ful sampe kuliah dan harta waris.
histeoric,@collegemenfess Pendidikan Bahasa dan Sastra Indonesia. Sejauh ini salah satunya ada mata kuliah Pragmatik.
Dompling7,Ganjar Pranowo akan biayai pendidikan anak keluarga miskin hingga kuliah #GanjarPeduliGenerasiRI https://t.co/Mi4zW1nmah
masbenx,@worksfess Temen kuliah saya dulu pengen banget jadi pramugari walau sulit ia selalu bersikeras mencoba. ikut banyak pelatihan dan pendidikan namun selalu gagal. Bahkan keluarganya tidak merestui sampai nyuruh dia buat cari pekerjaan lain. Akhirnya dia jadi pramugara.
grcjihooniess,@convomfs a. pendidikan gua mau masuk kuliah tahun ini tuh asli berat bgt dari awal tahun sampe pertengahan semuanya full nangis dan berat debat sama ortu tentang ini 2023 gua rasa ga buruk-buruk amat lahh walau awal dan tengahnya menyiksa batin wkwkwkwk
RstmBcl,Ganjar Mahfud Menjadikan rakyat Indonesia berkualitas - Pendidikan sarjana Utk Semua Kesejahteraan keluarga meningkat - Bantuan lbh Lengkap Biaya hidup &amp; Kuliah - Sarjana siap Industri Lulusan berkualitas sesuai kebutuhan jaman 1 Keluarga miskin 1 Sarjana #GanjarUntukSemua https://t.co/giJjP0hBXJ
ON_dikara,This wkwkwkwk duh stereotipe orang kuliah di LN menjamin attitude tuh darimana banyak orang pendidikan tinggi tapi gak berpendidikan kok fakta di lapangan aja orang yg maaf gak sekolah tinggi malah lebih sopan dan lebih bisa menghargai orang lain....
Nandang_1771,Ganjar Pranowo akan biayai pendidikan anak keluarga miskin hingga kuliah #GanjarPeduliGenerasiRI https://t.co/UbmPq05bNB
zuuaerrr_u,@convomfs 1.pendidikan gua sedih banget asli kalo di tanya mau lanjut ke mana. bingung gua hrus kerja tapi di dalem lubuk hati pengen banget gua kuliah yaa cmna mau gimna lgi ga bisa di paksa juga... 2.keluarga gatau kenapa masalah keluarga di tahun ini bener bener kek jirr kacau banget
buzyguirlds,@tanyakanrl gabisa nurutin kemauan sendiri apalagi soal pendidikan dari tk sampe kuliah pilihan ortu 
Cahaya08971910,Ganjar Pranowo akan membiayai pendidikan anak keluarga miskin hingga kuliah #GanjarPeduliGenerasiRI https://t.co/qx6ghOhtyz
nilzkee,@suaralautbiru Poin pentingnya adalah komponen biaya pendidikan yang berbeda . IISMA pertukaran keluar negri sedangkan BU kuliah full di dalam negri. Jadi komponen biayanya berbeda. Tapi waktu iisma kan 1 semester ga di PTN jadi UKT di semester tersebut harus dibalikin ke BU
mimakhayla,Capres nomor tiga Ganjar Pranowo #GanjarPeduliGenerasiRI Janji bakal biayai pendidikan anak keluarga miskin hingga kuliah https://t.co/eHL22kvj41
mimakhayla,Capres nomor tiga Ganjar Pranowo #GanjarPeduliGenerasiRI Akan biayai pendidikan anak keluarga miskin hingga kuliah https://t.co/KHls4QFD0L
snjajokitugas,@rensarx bisa ke aku ka. kebetulan aku anak teknologi pendidikan. jadi sering banget buat modul interaktif
um_fess,um! aku kuliah jurusan pendidikan tata niaga hehehe - tidak percaya diri - terlihat seperti ketrima pil kedua - calon guru - tata niaga belajar apa? AKU KULIAH JURUSAN BISNIS - calon pengusaha muda - calon pengisi sound dj joana - calon pembuka lapangan kerja (cont..)
Pinjamanonli,BUTUH PINJAMAN : Dana Pendidikan Dana Kuliah Dana Renovasi Rumah Dana Modal Usaha Dana Sampingan Silahkan Hubungi/Chat. Klik Link WhatsApp: https://t.co/IARnx7qQzq Amanah&amp;Terpercaya. @Pinjamanonli #twitter #youtube #facebook #telegram #instagram #TikTok #viralTiktok
notlastdragon,@cagrdigan eeeiiiyy cakep banget kuliah bahasa inggris pendidikan atau sastra kak? dulu waktu smp belajar otodidak dari mana?
meow_get,@collegemenfess Iya saya kuliah prodi Pendidikan Sejarah - dibilang ga penting - Manusia purba - Cari patung batu DEMI KEMAJUAN ANAK BANGSA YG BISA BELAJAR DARI MASA LALU AGAR TDK MENGULANGI KESALAHAN DI MASA LALU - Mengungkap salah paham - Mengingat kesalahan - Masa depan CERAH
Pinjamanonli,BUTUH PINJAMAN : Dana Pendidikan Dana Kuliah Dana Renovasi Rumah Dana Modal Usaha Dana Sampingan Silahkan Hubungi/Chat. Klik Link WhatsApp: https://t.co/IARnx7qQzq Amanah&amp;Terpercaya. @Pinjamanonli #twitter #youtube #facebook #telegram #instagram #TikTok #viralTiktok https://t.co/l8pdDNidbW
mztommygun,@yusing Seiring waktu sistem pendidikan tinggi mengarah pada kapitalisasi. Kampus-kampus dibentuk seperti perusahaan yang mengikuti logika pasar. Fenomena ini melahirkan situasi yang memaksa banyak mahasiswa putus kuliah. https://t.co/HlL7hiyALI
ofSereanities,Dulu ada. Bukan terjadi di gue tapi kakak gue. Beliau bilang katanya kuliah ambil jurusan kesehatan gak bakal jadi apa-apa. Tapi kakakku yang super itu buktiin sendiri kalau dia bisa berhasil asal ada kemauan dan bahkan bisa lanjut sampai pendidikan tinggi.
Yoorara85,Yg mau kuliah S.Pd banyak tp yg mau ngajar di desa ga ada pak. Jd ya pendidikan bermutu yg merata itu cuma angan2 yg ntah kapan terwujud. Sapra SMP di desa saya saja bangunannya setengah permanen guru2 yg ngajar Sarjana dr Desa siapa yg mau ngajar aja yg penting ada gurunya 
undikshabali,Kartu Indonesia Pintar (KIP) Kuliah Tahun 2024: Info Lengkap Pendaftaran dan Jadwal Terbaru Link: https://t.co/HT9o1stsng https://t.co/HT9o1stsng
Haruruiki,@collegemenfess saya kuliah jurusan pendidikan bahasa Jerman - kaku - ga asik - pusing sama gramatik Saya kuliah untuk mengajarkan bagaimana cara Hitler berpikir - STRONG - NaZi - pusing sama gramatik
Vivieasiksekali,@sbyfess Pasti nder pendidikan itu berpengaruh ke struktur berpikir otomatis mempengaruhi cara berkomunikasi cara mengambil keputusan cara memandang hidup dan persoalan dan banyak lagi. Pendidikan yg dimaksud tuh ga cuma dibangku sekolah atau kuliah ya tapi pola asuh juga dsb
sgtngantuk,alasan gw semangat dan rajin kuliah sejak maba sampai sekarang dulu gw bingung mau jadi apa akhirnya menetapkan untuk bercita-cita sbg pendidik daftar snmptn pendidikan matematika dan lulus yah artinya gerbang gw udah terbuka tinggal masuk dan dilewati https://t.co/YBasMt6oPH
makanwaffle,Judulnya sadar akan isu sosial tapi bawa2 kurangnya pendidikan idol padahal most of them juga ikut kuliah ato minimal homeschooling dan ikut Equivalency Examination
agustinahoho,Lihat case rohingnya tuh harus lihat dua sisi juga dong bang lu dapet pendidikan sampai kuliah lah mereka? Dari lahir hak dasar aja ga punya gitu masih salah lagi â
kutapsayur,potret mahasiswa tingkat 2 melihat keluarga borjuis dengan gclass g63 amg 2021 nya yg menuju lokasi pengobatan alternatif (kami berpikir untuk berhenti kuliah &amp; mempelajari keilmuan spiritual tingkat lanjut agar bisa menyembuhkan orang tanpa harus menempuh pendidikan kedokteran) https://t.co/J4QnpANuSB
um_fess,Um! Saya Kuliah Jurusan Pendidikan Geografi - Guru - â Belajar Batu - â Belajar Nama Kota/negara/bumi SAYAA GURU MBOLANG YANG MEMPELAJARI ILMU AVATAR DAN BISA MEMBUAT PETA ALAM SEMESTA - BADAS - â PENERUS AANG - â PENJELAJAH ALAM SEMESTA - â BERMAIN-MAIN = BELAJAR
pacarOhmNonY,Baru kali ini ada orang yang ngatain punya pendidikan lebih bikin STRESS Wdyt mom? @ThelmaRungkat This is pentingnya Kuliah untuk membentuk pola pikir Yaudah sih gue juga ga peduli sama fandom lain EGP Yang penting ON RedGreen jayaï¸
Far_gel,hanya 9% ilmu yang bisa di terapin dari pendidikan kuliah sisanya experience mentality Iq religi.
notmelati,@sbyfess Menurutku sawang sinawang nder. Ga setara pun blm tentu gagal ada juga kok yang mungkin belum berkesempatan rasain pendidikan tingkat lanjut tapi mindset dan karakternya lebih oke dr yg bisa kuliah dan tetep bisa bikin nyambung juga
himenina,@undipmenfess Kalo mau daftar pns ngaruh buat syarat pendaftaran aja sih selebihnya kalo dah ketrima tergantung ilmu adaptasi kita gmn soalnya kerjaannya kadang gak sesuai sama background pendidikan jaman kuliah 
biruuzha,@sbmptnfess aku baru Maba dan kuliah dijurusan pendidikan olahraga sejauh ini ga nyesel kuliah di jurusan ini malah aku seneng soalnya ini jurusan yg aku pgn walaupun melelahkan karena harus turun kelapangan tp jurusan ini memang seru pokoknya ga bosen dehh
sebutirAtom2,Singkat cerita gue sering diskusi masalah kuliah maybe dulu gue masih naif yaaa masalah strata pendidikan dan ayah juga nyaranin kuliah but gue lebih milih jalur ini ayok kuliah bim gue tkt gak bisa jaga hafalan jwb gue ttp bisa . 
snjajokitugas,@inisecret13 kebetulan ak anak teknologi pendidikan ka. bisa banget..langsung wa nomor dibi9
tarduluuuu_,@tanyakanrl Setuju sama bapaknya dan gw sbg (adik). Yg gw tanggap gw kuliah pas masa jaya orang tua dah abis tinggal sisanya (Masi Alhamdulillah banget). Kakk ini gak mikirin itu dia lulus pendidikan baru dapet kerjaan enak belum lama langsung ngebet nikah padahal kerja buat sendiri
citeah,nyesel ga nyesel masih dikasih rezeki kuliah aja alhamdulilah bgt caper lu ngirim mf kyk gini buat apaan? bikin org pada pesimis anjr klo pendidikan jurusan pling disesali mah udh dri dulu bonyok gua kaga bakal ambil tu jurusan buktinya makmur bonyok gua jadi guru 
irvineadvent27,@brishloner Pendidikan rendah dalam arti gk kuliah ya. Totalnya ada 87% an hampir 90% an Like i said. Siapapun pemenang di pemilih pendidikan rendah akan jadi juara pilpresnya https://t.co/QOgDXyPy4D
Huseinmuh553,Usai isi kuliah di Pasca PKUMI Pendidikan Kader Ulama Masjid Istiqlal. Hari ini. https://t.co/lGqGqpaG3P
hensemraaaa, yailah kuliah cuma ngopi dengan gaya ucap sesorang yang tidak tau arti memperjuangkan pendidikan. emg keliatanya cuma duduk merhatiin dosen persentasi terus pulang padahal tugas kmrn uda blm ya duh gapaham nnya siapa ya banyak tugas ruma tpi tugas kuliah juga banyak 
didikpos,Nih mimin spill cara milih jurusan di SNBP 2024 source: @zhifaaaaaz #pendidikan #indonesia #sekolah #belajar #pendidikanindonesia #education #mahasiswa #pendidikankarakter #bimbel #guru #edukasi #kuliah #kampus #universitas https://t.co/TZVp9M6KnW
snjajokitugas,@hel0madafcr kebetulan ak anak pendidikan teknologi ka. jadi bisa bamget. langsung wa nomor dibio ya
zella_yentriii,Koneksi Antar Materi Topik 5 Mata Kuliah Filosofi Pendidikan #pendidikanpancasila #ppgprajabatan https://t.co/mZoLCtI1JJ
sIeepinprinceee, saya kuliah jurusan pendidikan ipa - jurusan apa itu? - nerd - lemah SAYA INGIN MENCERDASKAN ANAK BANGSA - visioner - patriotisme tinggi - AMIN
wonygeul,Ntar tibaÂ² ngomong menunda kuliah juga termasuk salah satu bentuk mereka nggak bisa mengenyam pendidikan dg semestinya 
Issmud2,@AslamSultanEmba @kegblgnunfaedh Orang pendidikan bisa ngetik begini? Rugi kuliah+ PPG
thehot_man,@deulicyous @sbyfess bukan rahasia umum gaji guru kecil tapi kenapa lu kuliah pendidikan apa karena hanya cari tittle kampus
AdhiraReina, saya kuliah ilmu perpustakaan - remeh - g mnarik - cm jaga perpus SAYA DIAJARKAN UNTUK MENGANALISA KEBUTUHAN INFORMASI ANDA DAN MENGELOLA SUMBER-SUMBER PENGETAHUAN DI DUNIA - pro dlm menggali info - berjasa dalam dunia pendidikan - tahu segala genre jurnal bhkn yg blm di up
zella_yentriii,Demonstrasi Kontekstual Topik 5 Mata kuliah Filosofi Pendidikan Indonesia #ppgprajabatan #pendidikan https://t.co/Z2s3qHDsUF
Hirfandiyansa,@imanlagi Data katanya lagi acara Desak Anies ini untuk kalangan menengah ke atas yg terdidik. Tapi menurut survey engga begitu hasilnya. Pekerjaan seperti dokter pengusaha konsultan dan sejenisnya malah tertinggal jauh dari 02. Untuk pendidikan SMA dan Kuliah gitu juga beda jauh. Hehe https://t.co/nXe4knF0er
inblue__,:dirumah aza neng gak liburan? âï¸: kagak ada kewajiban yg hrs dibayar setelah liburan bayar ukt boys 24 yuta! : kalok punya anak2 yg kuliah emang hrs prihatin yes! pendidikan semakin mahal apalagi di ptn yg berkualitas.
syarifaks,Kadang bingung mau pendidikan Indonesia maju tp yg masuk atau kuliah guru lebih banyak terpaksa . Sekalinya tidak terpaksa gaji yg didapatkan tidak sepadan dgn beban kerjanya. Kalau kyk gini kapan mau benernya?
nonyahasyim,@modernissatire @CNNIndonesia Iya. Benar. Tapi belum mendesak. Mending kasih kerjaan reformasi dunia pendidikan baru ke sini. Ketika lulusan sekolah sudah bisa menghasilkan duit karena skilset mereka mereka akan bisa self-fund untuk kuliah. Jadinya program ini gak harus direalisasikan.
hyunsukiao,@toxicscreamtxc banyak yang bilang Secret Number flop membernya malah fokus kuliah pdhal ya pendidikan penting bgt
rajinjalankaki,@18fesss Pendidikan belum tentu berpengaruh ke pola pikir yg kuliah mungkin pola pikirnya diasah di bangku sekolah tapi yg ga kuliah dan kerja juga pola pikirnya diasah di lingkungan kerja cukup liat personalitynya aja dia bisa ngimbangin lu apa ngga
nissaamllia,Dari SMK Jateng sampe lulus kuliah semuanya mungkin kalo punya pemimpin kayak Ganjar yang bener-bener mikirin pendidikan. @bukanpeliharaan ProgramGanjarMahfud https://t.co/Vr4jnGmrfx
yrmallany,@ardisatriawan diluar gaji guru honorer memang ga proper Tp Pak Solihin kalau nggak kuliah mungkin ga jadi guru dan malah ga dapet gaji 1.5 juta perbulan. Pendidikan nggak serta merta menjamin hidupmu tapi meningkatkan kemungkinan kamu hidup lebih baik.
hmmningkai,@ErlanggaAdyaksa @convomfs Sudah kak. Aku punya ipar perempuan. Katanya pernah kuliah. Usianya diatas ku beda 15 tahun. Tapi ga becus asuh anak. Semua tergantung manusia itu terdidik atau tidak selama mengenyam bangku pendidikan.
materials_id,@dokteryoseph @ardisatriawan Entah ya pak tetapi pengalaman saya selama SMA diajari sama guru yang lulusan MIPA lebih bisa masuk alias gampang dimengerti khusus pelajaran STEM. Beda dg guru yang lulusan pendidikan. Ini saya tahu karena guru saya bilang sendiri dulu kuliah di MIPA Unpad.
materials_id,@ardisatriawan @dokteryoseph Surprisingly enough justru guru-guru yang kompeten dan punya jiwa mengajar itu dari jurusan MIPA kalau saya lihat-lihat. Mereka lebih berdedikasi daripada yang kuliah jurusan pendidikan.
AjieNdoro,@tugugolonggilig @alextham878 Kalau hak nya sama itu supir truk pedagang kaki lima pedagang Pasar buruh kasar dll. Tolong anaknya kasih pendidikan geratis Kuliah geratis sampai ke Luar Negeri
ardisatriawan,@dokteryoseph @materials_id Kebanyakan yang kuliah di jurusan pendidikan bukan pilihan pertamanya...
nzmiln, Saya kuliah kedokteran -Mainstream -'Sudah banyak dokter' -B aja SAYA MENJALANI PENDIDIKAN PSIKOPAT LEGAL -Keren -Mengintimidasi -Menakutkan
chrysanthemumee,Aku pernah kuliah pendidikan basing dan ada dosen ku yg suka bgt buku anak2 yg kaya gini. Beliau suka cerita ttg buku nya dan mmg walaupun sederhana buku nya banyak bgt hal yg bs diambil 
lapeklqmak,Sok ngomongin pendidikan tinggi idol nya aja kena do pas SMA. Dan gue yg emang kenal dunia KPop karena Bangtan ngira semua idol pasti lulus kuliah tp ternyata banyak jg yg enggak ya.
CikDirga,@ardisatriawan Betul banget kalau gak ada perbaikan untuk kemakmuran guru banyak yang kuliah pendidikan karena cuman pengen masuk PTN aja. Setelah itu mencari karir di tempat lain. Padahal sekolahan makin banyak tp yg jd guru kurang peminat.
igotwodays,@springbearhour Dan jaman skrg tu pilihan pendidikan lebih luas jd mereka lebih fleksibel kapan mau kuliah atau pendidikan nonformal lain.
Jengyah_, saya kuliah magister Pendidikan -lemah -terlihat seperti kutu buku yang gila belajar -pasti kuliahnya cuma mau ngejar karir Saya memelajari ilmu Pendidikan tingkat magister dengan konsentrasi asesmen agar kelak bisa merumuskan asesmen yang tepat untuk mengukur keterampilan
jaeyunugm,even if mereka lulus sma/lanjut kuliah kadang mereka gabisa all in ke pendidikan
nyenye437888,perempuan emang ga pantes ya mengeyam pendidikan di bangku kuliah?
Haruu1508, Saya kuliah Pendidikan. -jadi honorer -gajinya dikit -harus serba bisa Saya ingin mencerdaskan kehidupan Nusa dan Bangsa. -keren -sangar euy -overpower -tangguh
CC_Cookies4,Gmowning cantikkk @F_OllaJKT48 Have a nice day!! Semangat hari inii semangat buat show terakhir di tahun 2023 Cuman mau bilang kamu keren bangetttt di tahun ini! Bahkan seingetku cuman pernah skip show theater sekali karna bentrok kuliah. Ngutamain pendidikan keren bgt 
mikazukilily,@collegemenfess sy kuliah pendidikan bhs inggris - mw jd guru b. inggris ya? - honorer gaji minim - ikut PPG gak? SAYA BLJR BRBGAI BNTUK LEARNING APPROACH SRTA ILMU KEBAHASAAN &amp; SASTRA BHS INGGRIS U/ MNCERDASKAN ANK BANGSA - MULIA - WOW PAHALA BNYAK - DAMN KAMUS OXFORD BRJLAN - GK AMBIL S2?
selenophiland,@ardisatriawan Tambahan dan jangan ambil kuliah pendidikan ya Ucapku kepada adikku. Agar tidak seperti kakak kakaknya yang gajinya dibayar 3 bulan sekali.
waroenggoling,Pendidikan adalah kunci pemutus rantai kemiskinan Keluargaku paling miskin di desa tak punya sawah rumah dan listrik sewa nyala jam 18.00-06.00 Dgn memfokuskan resource yg ada ke pendidikan 3 dari 4 saudara lulus kuliah dan 1 SMA Kini kami sudah mentas dari garis kemiskinan
_ayam_jago,@ch_chotimah2 Masalah kualitas pendidikan saja belum merata ini sudah buat program sarjana. Masih banyak sarjana menganggur blum lagi biaya kuliah tdk sedikit. Yg baik itu bagaimana membuat masyarakat mandiri jgn diarahkan jdi pegawai dgn gelar sarjana itu.
jwooamb,@kegblgnunfaedh Emang harusnya gtu sih nder karena kan ini dunia pendidikan ya beda klo udh di luar. Walaupun kita sedeket itu sama dosen klo udh masuk jam kerja/jam kuliah kata aku ini diganti dgn saya itu namanya profesional juga termasuk dunia kerja juga.
gustavrinaldi7, Saya kuliah jurusan keguruan - normies - madesu - vibes gaji honorer Saya sedang merombak sistem pendidikan Indonesia! - revolusioner - inovatif kreatif kritis - kandidat menteri pendidikan indonesia emas 2045 
pretenderngitis, Iya saya kuliah pendidikan bahasa Jepang - lemah - terlihat bergaji kecil - wibu Saya laskar pencetak pejuang Indonesia agar tak bisa dibodohi penjajah untuk kedua kalinya di masa depan - STRONG - POWERFUL - TERLIHAT BERJASA - NASIONALIS - FUCK KANJI
maroontaylour,iya saya jurusan pendidikan matematika - lemah - tidak percaya diri SAYA KULIAH UTK MEMBUAT SEMUA ORANG PANDAI MATEMATIKA - STRONG - POWERFULL - TERLIHAT MENYERAMKAN - GALAK (CALON GURU KILLER)
Oajayakentut, Aku kuliah ambil Kegurun dan Pendidikan -oh jdi guru yah -ngapain jdi guru gajinya kcil -emg bs ngajar Aku kuliah ambil pendidikan bahasa inggris -wedeeeh keren -minta tolong benerin bahasa inggrisnya ini bener gak?!?!? -ih jago bahasa inggris ya 
yukina_walin, saya kuliah pendidikan biologi -tidak menarik -ngapain jadi guru -buang duit -jurusan mahal Saya mempelajari ilmu-ilmu makhluk hidup dan bagaimana mengaplikasikan ke anak-anak -terlihat keren -mencerdaskan anak bangsa -pahlawan tanpa jasa -garis terdepan sektor pendidikan
chuuyaO_O, Saya kuliah jurusan Pendidikan Biologi - lemah - nerd - gaji mungil Saya bisa membiakkan bakteri dan menyebarkannya ke penjuru dunia - ditakuti semua orang - superior - perang biologi dimulai - c0vid part 2
BENEVIEN7O, iya saya kuliah teknologi pendidikan - tidak familiar - itu kerjanya ngapain? - lemah AKU ISO NGGAWE RANCANGAN PEMBELAJARAN SAK KAREPKU DHEWE - keren - cool - anti mainstream - ENGGAK JADI GURU
TalkPolitik_,Ganjar Janji Bakal Biayai Pendidikan Anak Keluarga Miskin hingga Kuliah #LanjutGAN #LanjutGANsemuakerja #LanjutGANsemuamurah #GanjarSikatKorupsi #GanjarMahfud #GanjarPranowo #GerakCepat #MahfudMD #IndonesiaUnggul #IndonesiaLebihBaik https://t.co/rgFvZSmUFV
sikapmumas,@collegemenfess iya saya kuliah pendidikan bahasa arab - lemah - honorer - ikhlas beramal adrusu fiil qism ta'limil lughoh al arobiyyah - OVERPOWER - PERCAYA DIRI - ALIM - MASHAALLAH TABAROKALLAH - TETEP IKHLASSS BERAMALLL
Fucekboiii, Gua kuliah Pendidikan Teknik Mekatronik -Teknik tp kok S.Pd -Bukan murni anak teknik -Paling jadi guru Jangan salah ya -Bisa kerja di industri -Paham IoT bahkan bisa bkin sendiri -Jadi guru juga emang kenapa?
BUNWEI0320,@woongielluv aku bukan tabog waktu smk iyaa tapi skrng kuliah pendidikan kesejahteraan keluarga konsetrasi pariwisataaa
ayashyay,Kuliah di Fakultas Pendidikan makanya udah pasti berpendidikan
Benayawap,Dulu kepikiran bakal ambil kuliah pendidikan sejarah buat gantiin guru di SMA karna dari SMP osn ips dan di SMA ikut lomba sejarah terus menerus. Bahkan wktu SMP prnh masuk koran diwawancarai mau jd apa dan nyebut sejarawan Tp diurungkan karna ga melihat kehidupannya terjamin
semogadiridhoiy,Pak Anies adalah tokoh terbaik diantara tokoh reformasi : pinter akhlaqnya paling baik aktifis mahasiswa mhsiswa berpreatasi kuliah LN dg beasiswa pulang jd aktifis indonesia mengajar rektor termuda 20 tokoh muda dunia menteri pendidikan terbaik. Gubernur terbaik.
Penyair_Berdiri,Ibu Kita Kartini mengangkat derajat wanita agar setara dengan pria bukan dengan memberi anak-anak gadis masa itu makan siang &amp; minum susu tapi dengan pendidikan. Bayangkan saja jika ada sekolah gratis 12 tahun hingga Lulus Kuliah dengan Satu Keluarga Satu Sarjana ! SDM Unggul ! https://t.co/koXvr6B4qG
eeicaaii_,Yang biasanya update kepanitiaan selama kuliah mat di um sekarang ganti jadi misterius girl yang akun IG nya no PP. Lucu bgt dan hanya bisa mlongo krna dia waktu pendidikan makannya 4 centong dlam waktu 15 menit. Klau dlu bisa minta tolong ngerjain tugas metstatku skrng egk lgi
seungmintry,guys mata kuliah psikologi pendidikan itu mempelajari apa ya? thankss
mulfaneonni,Kita tunggu apa yang akan terjadi di 2024. Apakah kurikulum merdeka masih akan berjalan atau pendidikan Indonesia tetap didikte oleh politik. Semangat para praktisi sekolah yang terikat sistem. Btw masih ada sistem UTBK untuk masuk kuliah seperti suneung di Korsel.
moonxrises, saya kuliah jurusan pendidikan musik - lemah - mau jadi guru ya? - nyanyi-nyanyi doang - mau jadi pengamen kh? SAYA AKAN MEMBANGKITKAN LUDWIG VAN BEETHOVEN DENGAN MUSIK SAYA - wowww namany kren bgt?? tu syph?? - mw liat playlist spotifyku donkk - bisa main lgu canon in d gk?
hilocokelatt, Saya kuliah di UPI - jadi guru - deket mesjid aa gym - oh jurusan pendidikan Saya kuliah di Bandung - disangka di Unpad terus - wah keren di Bandung - ditanya cara baca Ciumbuleuit
zanatul_91,Kisah guru dari Bogor temen kuliah yang tiap ngumpulin tugas selalu jam 12 malem. Pas saya tanya ternyata imput2 data yang gak abis-abis. Saya ceritain di tiktok. Ternyata rame dan banyak yang senasib. Kenapa kalian ini gak pernah masuk hitungan survei keberhasilan pendidikan? https://t.co/yrUfDk3IWl
zella_yentriii,Aksi Nyata Topik 4 Mata Kuliah Filosofi Pendidikan #ppgprajabatan #pendidikanpancasila https://t.co/Dk0wt6oVis
skyrawrr_,@18fesss Imo pendidikan itu penting cowo gua sebelumnya ga kuliah dan sekarang dia mutusin buat kuliah biar pendidikannya setara sama gua kalo menurut lu pendidikan itu penting suruh dia ikut paket c tapi kalo gamau ya gua lebih pilih buat cari yang setara
keitaayow, Hooh kuliah jurusan manajemen pendidikan -mau jadi dosen kek kakaknya -halah jurusan udah banyak seabrek -mata kek zombie KULIAH MP UNTUK JADI PNS - IDAMAN TETANGGA -IDAMAN MERTUA -IDAMAN PAK RT -SIAP MEMBUATMU KLEPEK2 KEK KESETANAN
mas_bud12,@18fesss Kalo lu kuliah ajarin cewe lu pendidikan SMA Trus ntar suruh Paket C.
jhaliranghae, saya kuliah jurusan pendidikan -gaji kecil -nanti ujungnya ga sesuai jurusan -jurusan gampang -oalah saya bisa ambil murninya juga dari jurusan saya -tetep kalah sama darah murni hehe lemme show ya
et0ilest, iya saya kuliah jurusan pendidikan bahasa inggris - lemah - honorer - pengangguran saya kuliah untuk KERJA DI LN - GAJI GAK HONORER - TERLIHAT KEREN - TKW/I
Kuriitama, Sy kuliah pendidikan - v common - lho gaji guru bukannya sedikit y - sgt general dan b aja Sy memiliki visi dan misi untuk turut serta dalam mencerdaskan bangsa - patriotis - pahlawan tanpa tanda jasa - loyalitas pada negara
mengganis,@collegemenfess iya saya kuliah geografi pendidikan - gak terkenal - lemah - buat apa - gaji kecil Saya menyelamatkan bumi dan mengedukasi ke banyak orang guna menunda terjadinya kiamat dalam sudut pandang meteorologi klimatologi - STRONG - POWERFULL - PENYELAMAT BUMI 
aing_lala,@collegemenfess iya saya kuliah jurusan pendidikan masyarakat -susah nyari kerja -ga terkenal -planga plongo -observasi mulu SAYA DIKEJAR MASYARAKATTT -Tempat curhat permasalahan masyarakat -Adaptasi? KECIIILLL -PEDAGOGI?ANDRAGOGI? MAJU LOO
Bukansiete,@collegemenfess Saya Kuliah Pendidikan Bahasa Inggris -Cupu -kelihatan seperti kutu buku -Ga keren Saya kuliah biar kelean'' semua bisa bahasa Enggress. -Gaul -mengikuti zaman -menciptakan keyboard warrior kelas international.
Stevi_Naola,Ga nyangka banget aku yg dulu ga mau guru literally ga pernah ngajar kuliah non pendidikan eh tb2 aku ngajar dan ada embel2 ustadzah semoga aku kuat ya guys ngajar 7 kelas + UKS + TU. Semangat bgt
brburuuburubur,@collegemenfess saya ga kuliah - lemah - ga punya pendidikan - ga berilmu kehidupan saya berfokus untuk mengurangi beban orang tua dan mencari nafkah dengan modal skill seadanya yang saya miliki - MAKHLUK MULIA - MANUSIA 1/2 DEWA - SUNGKEM SEPUH
yai1972official,Halo Y.A.I Zen Menjelang akhir tahun 2023 Lembaga Pendidikan Tinggi Y.A.I memberikan Beasiswa khusus untuk kalian yang ingin melanjutkan kuliah pada Program Diploma dan Sarjana Kelas Reguler Tahun Akademik 2024/2025. https://t.co/VyNwKPxLIc
mysdei, saya kuliah pendidikan dokter hewan SAYA KULIAH BELAJAR JADI HEWAN 
Afterolife, Saya kuliah Pendidikan Bahasa Inggris. - guru honorer - tidak jelas - sok iye dÉÊnt juË nÉÊ Ã°Ã¦t aÉªm É ËsÃ¦vÉªÊ¤? Î¸ÉªÅk bÉªËfÉË juË tÉËk Ã°Ã¦t ÊÉªt. - WOWWW apetu bang??? - bahasa alien - berpotensi untuk ngatain orang pake phonetics 
kompascom,Biaya hidup mahasiswa selama kuliah di luar kota atau luar negeri perlu dipertimbangkan sebelum melanjutkan pendidikan. https://t.co/2b2FGtJcMF
caricappp,@collegemenfess iya saya kuliah pendidikan biologi -lemah -gaji underpaid -kapalan ngelaprak -beler nyari spesimen+iden SAYA KULIAH UNTUK MENDIDIK ANAK BANGSA AGAR PAHAM MATERI REPRODUKSI -STRONG -CALON KEPALA SEKOLAHâ -PENYABAR DAN PENYAYANG -MENCEGAH HAMIDUN
levicornus,@collegemenfess iy saya kuliah jurusan pendidikan Bahasa Inggris -b aja -tdk spektakuler -ah gituan doang google jg bisa I STUDY ENGLISH TO TEACH YOUR FUTURE KIDS -BERJASA -WAH KEREN -YG ADA DI BIMBEL2 FANCY
jutdaebin,@collegemenfess iya sy kuliah pendidikan bahasa jepang -wibu -skoliosis -bau bawang watashi wa nihonggo gakusei desu. - NANIâï¸âï¸âï¸ -ETTO SUGOIâ¼ï¸ -TCH MENDOKUSAIâï¸âï¸ -TETEP WIBUï¸ï¸ï¸ -MAKIN KELIATAN WIBU
meongsvt,saya kuliah jurusan Pendidikan Bahasa Inggris - banyak ibuk ibuk dan bapak bapak - pasti udah pinter jadi guru - jago bahasa Inggrisnya - selalu ditanya bahasa inggris - harus tau skill pendidikan - stylenya selalu sopan ( ya gmna aja guru)
SelaweLabs,@Zaaaaaaaaaaa18 @tanyakanrl diulangin aja omongan si bapaknya wkwkkw misal dia ngomongin anaknya yg kuliah di sastra inggris gitu terus baru lulus kemaren dan udh kerja di lembaga pendidikan u jawab aja oalaahh lulusan sastra inggris ya pak? wih bagus dong keren udah bisa langsung kerja 
lacedhands, saya kuliah jurusan pendidikan - lemah - nerd - gaji kecil SAYA PAHLAWAN TANPA TANDA JASA!!! - HEBAT - PERCAYA DIRI - BANYAK PAHALA - GAJI TETAP KECIL ï¸ï¸ï¸
thaanderstorm, saya kuliah pendidikan bahasa Indonesia -lemah -tidak berdaya -jurusannya dianggap mudah pendidikan bahasa Indonesia saya ambil mata kuliah nya LINGUISTIK. -pemberani -penuh percaya diri -Memberikan Vibes membantai dengan kekuatan bahasa
otse7n,@collegemenfess iya saya kuliah pendidikan -leemah -di pandang rendah -ga di hargai SAYA KULIAH FISIKA TAPI GATAU AKAR 2 -GAWL -BODOH -DAN TETEP GGA DIHARGAI
sugarmovingon, bener saya kuliah pendidikan bahasa Inggris - lemah - nerdy - disepelekan My major focusing on teach and develop people to talk and comprehend foreign language especially English - BERWIBAWA - PANDAI - PENUH IMPACT
snjajokitugas,@urh0rsegirl bisa ka kebetulan aku anak pendidikan. start 10-15k aja ka. fee diakhir bisa langsung dikerjain sama kami
Bukansingaya,@moviemenfes dulu pas mata kuliah psikologi pendidikan satu kelas disuruh nobar ini. film ini salah satu film terbaik yg pernah aku tonton sih.
askagandum,@collegemenfess Iya saya kuliah jurusan pendidikan seni rupa -Lemah -ga guna -cuman gambar -lulus jadi pengerajin Saya kuliah untuk memenuhi dan melestarikan kebudayaan dalam negeri lewat pendidikan -SAKTI -KEREN BANGET -TAHAN BANTINH
lilbutller, iya nih kuliah pendidikan sejarah - Terlihat tidak berguna - ditanya hitler mati di garut bener atau enggak - disuruh nebak tanggal sebuah kejadian iya nih kuliah mengungkap fakta yg disembunyikan pemerintah -terdengar seperti aktivis - seperti pahlawan
pelestesyen,Waktu itu narasinya mirip intinya bodoh aja itu orang yg nabung di X inflasi segini tp return tahunan cm segitu blablabla Doi ga ada riwayat pendidikan di ekonomi atau ambil kuliah ttg deduitan. Mungkin ga paham soal zero sum games jg. Dah ga ketolong.
tetapsemangatty,@collegemenfess Saya kuliah jurusan Pendidikan Bahasa dan Sastra Indonesia. - Kaya Diksi - IPK tinggi mudah - Utamakan Bahasa Indonesia Itu saja kali ya
roticoklats,@collegemenfess Iya nih saya kuliah pendidikan bahasa Jepang - tidak percaya diri - keliatan sering nangisin kanji (memprihatinkan) - oh mau kerja di Jepang ya? Saya kuliah mempelajari ilmu untuk pergi ke isekai - Intellectual superiority - Bisa nonton anime tanpa sub - Wibu ras unggul
aqrawrrr105_,@collegemenfess Iya saya kuliah jurusan pendidikan mtk -lemah -culun -tidak terlihat berkarisma Iya saya kuliah jurusan SIAP MENERJANG BADAI TOPAN UNTUK MENDIDIK ANAK BANGSA -STRONG -POWERFUL -INDEPENDENT -SANGAT BERKARISMA
deeppsee,@collegemenfess iya saya kuliah pendidikan biologi - lemah - terlihat pasrah - prospect kerja yg kecil - kurang tidur SAYA BISA NGEDIDIK KAMU SUPAYA AWARE SAMA LINGKUNGAN DIMANA KAMU HIDUP DAN TINGGAL! - STRONG - KEREN - passionateâ¼ï¸ - AMBISIUS - peduli terhadap sesama - lovely dovey
rosiiesha, Saya kuliah di jurusan BK - galakk - polisi sekolah - gak guna Saya kuliah di jurusan psikologi pendidikan dan bimbingan - wah pendidikan yg berorientasi psikologi - wah psikologi - kerennnn
Pshylust,@collegemenfess Saya kuliah pendidikan bahasa inggris - lemah - letih - loyo - lesu - asam lambung Saya bisa DIANGGAP SBG KAMUS BERJALAN DAN BISA BERBICARA FAFIFU WASWESWOS - stress - anxiety - oxford dictionary - asam lambung
IchisamaRizky,Psikolog mahal mending kuliah psikologi sampe tuntas terus buka jasa konseling mumpung peluang bisa-jadi-cuan yeee kan... Kali aja kerasa perjuangannya buat balik modal biaya pendidikan psikologi.
walpurgisneit, saya kuliah jurusan pendidikan bahasa inggris - kamus berjalan - calon pahlawan tanpa tanda jasa - saingan sama duolingo bold of you to assume i want to be a teacher - INTIMIDATIF - menyatakan kamu punya skill lain selain mengajar - terus mau jadi apa? saya juga bingung
strsnshine,@collegemenfess Saya kuliah pendidikan -lemas -lesu -puyeng Saya kuliah belajar MENDIDIK ANAK BANGSA MEMBUAT BOM -POWEFULL -STRESS -STRONG -CWK KUL
gakeseltuh,@nevvmnd Wkwkwk rata2 yg kuliah di UT udah pada kerja tp kepengen jenjang pendidikan.
angkasakgna, saya kuliah pendidikan bahasa inggris -ngajar les-lesan ya? -bahasa inggrisnya aku cinta kamu apa? -biar bisa dapat pasangan bule? saya membimbing calon pembicara PBB -wow agen perdamaian
siyogikecil, aku kuliah pendidikan sejarah - honorer - pendongeng handal - ngantuk - gagal move on Hitler mati di garut - penuh konspirasi - dipercaya khalayak luas - jadi sumber rujukan anak tongkrongan - tau segala hal
indogood_23, Bener saya kuliah pendidikan - terkesan tertolak jurusan impian - guru honorer - gaji 300k/bln - bkn idaman mamahmu Bener saya ingin merealisasikan pembukaan UUD 1945 alinea 4 - terdengar intelektual - ingin memajukan Indonesia sampai Samudera Pasifik - tetep honorer
IwanS86257855,@iina_surbakti Pendidikan gratis n kuliah gratis.. Terbukti meningkatkan taraf hidup keluarga miskin
lunaerice, Saya kuliah jurusan pendidikan - lemah - cuma jadi guru - gaji kecil Tugas saya adalah mencerdaskan bangsa - kuat - membawa visi misi ki hadjar dewantara - masa depan bangsa ada di tangan kita
issejourney,@undipmenfess aku kuliah di ub - biaya hidup mahal - mainnya ke loteng - pasti ngomongnya lo gue - orangnya gengsian aku kuliah di malang - ambil prodi pendidikan - terkenal alim - ga pernah kenal club - ga keluar malam - temennya jawa semua terutama dari kaum pehh
iina_surbakti,Pendidikan untuk kemajuan bangsa Semua harus sekolah semua harus kuliah https://t.co/IcN3ABcWUt
nengitaltwins, saya kuliah di UNSIL -oh UNSIL -biasa aja -masuknya gampang saya kuliah di UNSIL jurusan pendidikan bahasa Inggris -wah keren -pinter bahasa Inggrisnya -pasti gampang cari kerja dan sukses
__pericantik,@collegemenfess iya saya kuliah jurusan pendidikan - lemah - honorer - gaji 300rb saya kuliah utk MENDIDIK ANAK BANGSA - STRONG - POWERFULL - TRLIHAT MASA DEPAN PENUH PAHALA - CLON MNTRI PENDIDIKAN - TETEP HONORER
kylonoufre, iya saya kuliah jurusan pendidikan musik - stereotipe guru - oh jadi pns - S. Pd. iya saya kuliah jurusan pendidikan musik di *** ***** - ******* - *** - *************** - ****** **** ******* ****** **???
anisarahmaliaa, Aku kuliah di jurusan pendidikan bahasa jepang - wibu - wah nanti jadi guru dong - wibu
doustoevskaya, saya kuliah jurusan fisika - lulus kerja apa? - fisika itu cuma di sekolah ya? - kalau kamu pendidikan mending jadi guru pembelahan inti atom uranium dapat dimanfaatkan menjadi PLT nuklir sebagai energi - wah cerdas - ilmuwan - intelektual
karirpurwokerto,Lowongan Kerja Mimosa Coffee Kitchen Desserrt Purwokerto BARISTA Kualifikasi : Pendidikan minimal kuliah semester 3 Usia 18 - 25 tahun Pekerja keras dan mampu bekerja di dalam tim Sanggup bekerja di hari libur Nasional Sanggup menerima pelatihan basic Barista
aulitaesik, iya saya kuliah pendidikan teknologi informasi - lemah - tidak familiar - tidak ada yang tau Saya kuliah belajar untuk mengajar dan mendidik siswa terkait teknologi informasi dan komunikasi - KUAT - TERLIHAT CERDAS - tanpa jasa
masok11s, iya saya kuliah jurusan pendidikan biologi. - dih emang ada??? - bio mah bio aja - ngajarinnya anak sma dong Saya setiap hari bikin kajian teori modul studi kasus tentang biologi - PENDIDIKAN - BIOEDU - GURU MASA DEPAN - MEDIA PEMBELAJARAN - Kurmer STUDENT-CENTER
leony_be, Alhamdulillah kuliah. Jurusan pendidikan Bahasa Inggris -lemah -pasrah -NRIMO ING PANDUM Saya bukan org inggris tapi dilatih buat bikin orang lain bisa ngomong inggris -SARKAS -SAVAGE -ULTI MAKSIMAL
dedewonbin, saya kuliah teknologi pendidikan -apa itu? -guru tik -gelar s.pd tp bkn guru SAYA DOKTERNYA PENDIDIKAN -Superior -punya spesialisasi -nadiem makarim tunduk
garficious, iya saya kuliah jurusan pendidikan bahasa inggris. - sok inggris - oh mau jadi translator? - kenapa ga sastra sekalian? aÉªm ËmeÉªÊ¤ÉrÉªÅ Éªn ËÉªÅÉ¡lÉªÊ ËÉÊ¤ÊËkeÉªÊáµn - MISTERIUS - SANGAT AGILE - BISA BAHASA ALIEN
mas_aro,@ardisatriawan 8. Orang2 pinter yg kuliah non-pendidikan tapi punya passion ngajar gk boleh masuk jd guru atau klo maksa bakal dinyinyirin sm mereka2 yg sudah cape2 kuliah jalur pendidikan.
WildaSarah234, Saya kuliah pendidikan matematika - boring - matematika susah - ngitung doang Saya mempersiapkan pengajaran ilmu tersulit di dunia - menacing - misterius - semua menerka nerka apa itu gerangan
RasyidSense, Saya Kuliah Ilmu Pendidikan - gaji dikit - menyedihkan - disuruh serba bisa Saya kenal pejabat wilayah sini - diajak proyek pendidikan - diundang jadi narasumber - proposal sekolah selalu ACC
onefeelie, iya saya kuliah pendidikan - mainstream - ambu ambune gaji kecil - ketok sabar dan iya iyo ae SAYA BISA BIKIN ANDA PINTAR KURANG DARI 3JAM - powerful - alpha - menjanjikan
TheTeachCapital,@ardisatriawan Jadi kenapa masih ada jurusan pendidikan ya? Buat apa kuliah di jurusan pendidikan? Nambah pengangguran saja sepertinya 
diazepam40mg, saya mahasiswa sappk itb - terlalu panjang - pendidikan guru ya? - rawan diremehkan mahasiswa itb lain krn kurang numerik saya anggota gunadarma - dikira kuliah di depok - pasti pinter it - iklannya melibatkan alien
cwegill, saya kuliah jurusan pendidikan sosiologi - wah pasti jadi guru - calon guru sma yaa? - ngajar dimana nanti?? saya mempelajari ilmu berkawan dan rutin melakukan penelitian - deG! PENELITI?? AHLI SOSIOLOGI? - PASTI KAMU PINTAR BERSOSIALISASI - KAMU BISA BACA PIKIRAN ORANG ?
alex_aikaa, saya kuliah pendidikan fisika - cupu - gak asik - terdengar prospek bergaji rendah saya belajar ilmu untuk menciptakan bibit-bibit Einstein muda - keren - penuh gaya - WAH ELIT YA
taukhidwb,@APrameswara @afrian_junior Anak ITB kenapa suka memulai obrolan dengan nanya background pendidikan? Seperti kuliah dimana mas? Kalau saya kuliah di ITB hehehe ... (Saya pisahkan susunan kalimat-kalimat awalnya.)
sleepyrkives,gw kuliah pendidikan lg skripsian tbtb ada bgt ngide jd admin reading club jd anak sosmed sm content writer komunitas magangnya jd program officer. definisi apa aja gw kerjain asal bukan skripsi &lt;//3
Hendrikorachman,Kepadatan penduduk disebabkan tdk meratanya pendidikan &amp; kualitas SDM pengajar &amp; jaringan setelah tamat kuliah pk @ganjarpranowo pk @mohmahfudmd krn anak muda +62 bkn @gibran_tweet yg gampang cari kerja krn bapaknya presiden @jokowi Cc @2045Tv @sandiuno @PDI_Perjuangan @KPU_ID
Kowasleep, Saya kuliah pendidikan khusus - ga dikenali - khusus emang ngapain - pasti second choice karena gatau mau ngisi apa dipilihan kedua utbk Saya belajar mendidik anak LUAR BIASA titipan TUHAN SEMESTA ALAM - kesabaran seluas samudra - terdengar mulia - ikut ngerasa spesial
dulunyabaik,Jadi kalo yang dulunya kuliah di UPI terus lanjut kuliah ke UI sebenarnya dia kehilangan pendidikan. 
potatostay_, iya saya kuliah jurusan pendidikan bahasa jawa -gampang banget masuknya sepi peminat toh? -halah bahasa jawa doang gampang -lulus prospek kerja ga luas Inggih kula menika mundhut pawiyatan basa jawi -sopan banget mbaknya -jurusan apa itu ndhuk? -halus banget idaman deh
Incelesque,@nicebrooom @cliffthamess @ardisatriawan Model pendidikan diubah niat hati membekali 1th pengalaman sebelum mahasiswa lulus eh konglo nya tuman standar nya naik minta yg 3th pengalaman. Maunya yg pas kuliah udah sambil kerja
n_affh_,@ardisatriawan Dan ini timoang banget dengan syarat masuk sekolah sd yang harus 6+. Belum kalo misal ada yang perna tinggal kelas dan juga kuliah gak mulus. Selesai pendidikan suda tuwir.
jutdaebin, iya saya kuliah jurusan pendidikan bahasa jepang -terdengar seperti wibu -oh kamu wibu ya -kalau bukan wibu berarti wota Watashi wa nihonggono gakusei desu -makin dibilang wibu -wibu total
ujiaeridni, ak kuliah pendidikan... -disepelekan -oh mau jd guru ya -kuliahnya gampang ...pendidikan fisika. -cerdas -mengerikan -berbahaya bisa jd sohibnya oppenheimer
roootbeerjpg, Saya kuliah di pendidikan bahasa Indonesia - lemah - terlalu mudah - dihina gaji guru kecil Saya melestarikan bahasa Indonesia karena anda semua tidak ada yg nilainya 100 di ujian - STRONG POLL - Girlbosss - fakta
putriokta20_,Pernah nemu yg gini lagi tapi bukan ITB UI. Emangnya kuliah dimana sih? . Pas dijawab gw kuliah di UI juga lsg kayak hah? Kok sama . Makanya jangan suka mandang rendah orang untuk ditanya balik. Buat gw pendidikan cuma jembatan tempat bentuk pola pikir. Ga perlu overproud.
JokiTugasK77166,Joki tugas makalah seni kebudayaan Open joki makalah jurnal artikel esai: - Manajemen - Bahasa indonesia - Ilmu politik/pemerintahan - Pendidikan kewarganegaraan PKN &amp; Pancasila - Hubungan Internasional - Psikologi - Agama islam - Kewirausahaan WA: https://t.co/RQN8nFrdCe https://t.co/2JoOEkmPka
sapphirecious,Kuliah itu pendidikan kawin itu apa ya? Bagian dari proses hidup dalam urusan berpasangan? It's absolutely two different things. Orang bisa milih untuk gak kawin and they still breathing alive tapi kuliah = potentially upgrading life's quality.
valhallamour, saya kuliah pendidikan - kasihan - masa depan diragukan - penuh tekanan saya hendak mencerdaskan penerus bangsa - berwibawa - terdengar intelek - tetep penuh tekanan
cikenugettt_, iya saya kuliah pendidikan - lemah - gaji kecil - kena underestimate warga saya kuliah untuk MENCERDASKAN ANAK BANGSA - POWERFUL - siap mengabdi pada negeri - berhati mulia berjiwa besar
foureveryounk, iya saya kuliah pendidikan -diremehkan -gaji kecil -gak ada masa depan Saya berkuliah jurusan pendidikan sebagai upaya turut serta dalam mewujudkan cita-cita bangsa di garda terdepan dalam mencerdaskan kehidupan. -terdengar hebat -nasionalis -gaji ttp kecil
ishealady, Iya saya kuliah jurusan Pendidikan Seni Pertunjukan - Kepanjangan - Lulusnya S.Pd - Bisa digantiin semua org dr jurusan lain GUE BISA HANDLE SENDRATASIK NYA BESOK - Keren - Berbudaya - Jago
AkuDennis, Saya kuliah pendidikan seni rupa - hah emang ada - ngapain? - oh kampus yang itu (salah kampus) Potokopi kisi2 ujian nanti bayar goceng ke saya ya - meyakinkan - santai aja pasti nilai bagus - sayang murid ya pak
Pinjamanonli,BUTUH PINJAMAN : Dana Pendidikan Dana Kuliah Dana Renovasi Rumah Dana Modal Usaha Dana Sampingan Silahkan Hubungi/Chat. Klik Link WhatsApp: https://t.co/IARnx7qQzq Amanah&amp;Terpercaya. @Pinjamanonli #twitter #youtube #facebook #telegram #instagram #TikTok #viralTiktok https://t.co/jrfie0hLhZ
Pinjamanonli,BUTUH PINJAMAN : Dana Pendidikan Dana Kuliah Dana Renovasi Rumah Dana Modal Usaha Dana Sampingan Silahkan Hubungi/Chat. Klik Link WhatsApp: https://t.co/IARnx7qQzq Amanah&amp;Terpercaya. @Pinjamanonli #twitter #youtube #facebook #telegram #instagram #TikTok #viralTiktok
Pinjamanonli,BUTUH PINJAMAN : Dana Pendidikan Dana Kuliah Dana Renovasi Rumah Dana Modal Usaha Dana Sampingan Silahkan Hubungi/Chat. Klik Link WhatsApp: https://t.co/IARnx7qQzq Amanah&amp;Terpercaya. @Pinjamanonli #twitter #youtube #facebook #telegram #instagram #TikTok #viralTiktok https://t.co/d10NKbEqmj
Pinjamanonli,BUTUH PINJAMAN : Dana #Pendidikan Dana #Kuliah Dana Renovasi Rumah Dana Modal Usaha Dana Sampingan Silahkan Hubungi/Chat. Klik Link WhatsApp: https://t.co/IARnx7qQzq Amanah&amp;Terpercaya. @Pinjamanonli #Bandung #semarang #surabaya #bandung #bogor #pekanbaru #palembang https://t.co/w1McAvLnKV
karamelmachoo,@FHendriana @convomfs lanjutin pendidikan first kuliah dulu mapan dulu nikmatin jadi independent woman
AlfaSidic,@afrian_junior Ndaaaak percayaaaaaaaa anak ITB ngomong begituuuuu. Rata-rata anak kampus top ngga akan memulai obrolan tentang pendidikan apalagi kuliah dimana. Menjaga nama baik kampus di luar itu BEBAN bos.
dalkke_, kuliah jurusan pendidikan luar sekolah - to the point - underated - selalu dikira plb padahal beda jauh Jurusanku ga terkenal pasti kamu ga tahu - insecure namun intimidatif - lelah menjelaskan perbedaan plb &amp; pls - LULUS NGAJAR DI SLB YA? - TUH KAN KAMU GA TAHU 
didikpos,Kaka-kaka ini mau spill aplikasi AI yang bakal bantu kalian banget di masa perkuliahan Check this out! source: @upigeneration #pendidikan #indonesia #sekolah #belajar #pendidikanindonesia #education #mahasiswa #pendidikankarakter #bimbel #guru #edukasi #kuliah #kampus https://t.co/gmpZEVqEpB
didikpos,Buat kalian yang tertarik sekolah kedinasan Ini dia tahapan seleksi Poltekim dan Poltekip!! Check this out! source: @kedinasan_id #pendidikan #indonesia #sekolah #belajar #pendidikanindonesia #education #mahasiswa #pendidikankarakter #bimbel #guru #edukasi #kuliah #kampus https://t.co/wSObt9zBOs
sutlly,susah2 kuliah 4 tahun malah diserang pendidikan gue. LOL.
On3Terre,Pgen kerja sesuai hobby dngn income yg menggiurkan agar bisa kuliah pengen belajar pendidikan itu penting bgt nyari relasi gede open minded mindset making money
Szucha__, Saya kuliah jurusan pendidikan - tidak sesuai umr - Susah dapet kerja - mau daftar cpns harus lawan yang pake calo Disiplin ilmu saya mencerdaskan bangsa - fun ketemu anak kecil - pahlawan tanpa tanda jasa - idaman mertua (kalo pns)
noirbojack, iya saya kuliah pendidikan bahasa jepang - wibu bau bawang - apa bedanya sama sastra jepang - budak ketek 3d GUE BELAJAR BAHASA JEPANG UNTUK MEMBALASKAN DENDAM LELUHUR KITA DARI DALAM!!! - MACAN ASIA - VENGEFUL DAN PRINSIPIL - HARUKA NAKAGAWA PUN BERTEKUK LUTUT
lannabistdelrey, Iya kuliah hukum hehe - Lemah - Insecure - Terasa desperate Moto pendidikan tinggi saya fiat justitia ruat caelum - Idealis - Percaya diri - Pak Mahfud MD
zella_yentriii,Koneksi Antar Materi Topik 4 Mata Kuliah Filosofi Pendidikan Indonesia #ppgprajabatan #pendidikan https://t.co/vJETJvGfNE
roticoklats,@pundingin : Kuliah di mana? : UI cabang pendidikan 
wontonieee, saya kuliah di unpad -kurang misterius -bau matahari -memberi kesan kebul saya tiap mau kuliah harus nyetopin truk dulu -kuat -vibes 1940 -korban ketidak-merataan pendidikan -memberi kesan perjuangan
HEATSTR0KES, saya kuliah pendidikan bahasa jerman - kurang familiar - gak ada prospek selain jadi guru - cuma ngajar bahasa gak banyak orang kuliah jurusan pendidikan bahasa jerman - eksklusif - terkesan edgy - bisa ngomong pake bahasa yg gak bnyk orang indonesia bisa - potential neonazi
miruellaa, aku kuliah pendidikan - diremehkan - lemah - ditanya gaji brp Lu gabisa dpt ijazah klo gada gua ye - tegas - berani - tdk diremehkan
stoberililac,@kimtaehavii @convomfs ngga dibolehin katanya harus nyelesain pendidikan duluu. kalau mau pacaran ga usah sekolah gituu. dan ga tau kenapa sampe kuliah pun belum bisa pacaran mungkin karena doa orng tua yang kenceng banget anjir
riki____matsui, iya saya kuliah jurusan pendidikan bahasa inggris -kedengaran terlalu kaku contextual -lulus pasti jd guru -rapi klimis -ngajar ngajar gaada saya GOBLOK BAHASA INGGRIS SEMUA tuh ENDONESA -terdengar gagah garang penguasa sekolah -dibutuhkan semua industri -mahal
mysyouz,@jay_jayyy9871 @convomf aku kuliah prodi tadris fisika jadi aku fokus di pendidikan dan fisika. kampusnya UIN Sayyid Ali Rahmatullah Tulungagung. disini ga hanya bljr pendidikan kok kita dibekali ilmu fisika yg ga kalah sm fis murni. dan kita partner sm reaktor Kartini yogya buat praktikum fis inti
polhukamid_,Beasiswa Kuliah 2024: Mendapatkan Akses ke Pendidikan Melalui Beasiswa https://t.co/4ww5u6Gw5D
idtodaycoid,Beasiswa Kuliah 2024: Mendapatkan Akses ke Pendidikan Melalui Beasiswa https://t.co/RQ2K6jsKGL
HaiAkuJugaOrang,iya saya kuliah pendidikan bahasa. - b aja - pasrah - kaku saya kuliah di FBS - estetik - cool - puitis ï¸
Edrinasti, Saya kuliah pendidikan bahasa inggris - kurang mendominasi - Beta - nggak bisa basa enggres I love my mother. - langsung praktek - to the point - IDGAF
n4n4banan4,Kegiatan bubu sekarang kuliah sambil kerja nak bubu lagi ngejar cita cita dan cinta untuk masa depan hehe. Bubu mau nanti anak-anak bubu terjamin masa depannya bisa punya orangtua yang bisa diandalkan dalam hal pendidikan dan juga masa depan. Jadi dengan itu bubu kuliah untuk
_gil4ngputr4_,Ini mah ndak logis.... Max. 22 tahun pendidikan S1 punya pengalaman kerja 4 tahun berarti minimal harus sudah masuk bangku kuliah umur 14 tahun Dan kerja dari 16 tahun *Child labor
pakwebe,@Dziennuen @ardisatriawan Bukan bisa saja mayoritas emang gitu. Sya sekarang masih kuliah di pendidikan ekonomi UT. Pernah nanya ke Dosen soal studi kasus di kelas. Jawabannya malah ya harusnya sebagai mahasiswa kalian lebih tau karena yang bersinggungan langsung sama murid kan kalian. dude wtf
ssssssrgrace49,diriku 3) pilihan pertama psikologi langsung pendidikan karena emang dasar mau ke pendidikan. karena ortu sesama guru jadi mereka support except bapak yg mau saya ambil pgsd deket rumah sedangkan saya milih kuliah di almamater bapak. Even underpaid masih berusaha buat stay-
zeninmakiy, iya saya kuliah bahasa dan sastra indo -gaada prospek kerjanya y? -fib=anak punk -kenapa ngga pendidikan aja? saya kuliah belajar MELESTARIKAN BUDAYA dan AHLI LINGUISTIK -STRONG -EMPOWERED -CINTA INDONESIA -
summerfleur,hm cowo gw adalah tipe yg kalo ditanya kuliah dimana jawabannya cuma bandung. kalo ditanya lebih lanjut tampaknya agak ragu menjawab tp akhirnya barulah dia sebut itb dan gapernah nanyain background pendidikan oranglain apalagi ama orang baru kenal si
drunkenladdd, aku kuliah pendidikan - emang bisa ngajar? - culun - outfit ngampus terbatas anak lu gue yang nyebokin - pemberani - cinta kebersihan - sayang anak
conservathick, Saya kuliah pendidikan bahasa inggris - biasa aja - alah palingan ngajar les - tidak istimewa Saya mempelajari bahasa yg paling banyak dipakai di dunia - aura internasional - pergaulan luas - bisa deep talk bareng donald trump
maturistics, iya saya kuliah pendidikan - underestimated - jurusan cadangan - stigma lulus jd pengangguran saya yang mendidik anak anda - berani - meningkatkan kepercayaan diri - penuh tanggung jawab
blamesociethic,@afrian_junior Relate banget. Bukan cuma ITB most of top 3 indo univ. Awalnya saya kira ah mungkin krn saya kerja di bidang pendidikan ternyata waktu kerja di ahensi jg gitu. Terlebih pas ditanya mba kuliah dimana? Jurusan ap? Insecure dikit tp ttp w jawab gw kuliah di BSI koq.
txcphyy,@utfess Nanti pas interview kalau ada bahasan ttg pendidikan kamu baru bisa jelasin kalau kamu sedang menempuh kuliah smt sekian dan sistem kuliahnya spt apa kamu bisa jelasin dan yakinin bos kamu bahwa kamu bakal tetep fokus untuk di kerjaan yg kamu apply ini
roticoklats, Iya nih saya kuliah di Universitas Pendidikan Indonesia - Lemah - Insecure - Terasa tak berdaya - Keliatan banget aselinya ga mau jadi guru UPI EDUN IS MY DREAM - KUAT - PERCAYA DIRI - ILMIAH EDUKATIF RELIGIUS - VISI LEADING AND OUTSTANDING 
notreverier, iya nih jurusan saya pendidikan bahasa jepang - lemah - insecure - lulus kuliah jd guru ya? IYA NIH BISA BAHASA JEPANG SEBAGAI SYARAT MENUJU GERBANG ISEKAI - BERPOWER - KORE WATASHI NO JISHIN DA! - LULUS KULIAH JD ANIME 
soasiks,@miwmiwmiwwwmiw @ub_mfs Menurut gua ke jepang aj toh sebenarny kuliah tuh buat mempersiapkan ilmu untuk bekerja kan? Sekarng HRD juga ngeliatnya pengalaman at least di bidang gue. Tapi kalau bisa coba kuliah di luar juga karena gua orang yang menjunjung pendidikan terlepas buat kerja atau engga
tenangindulu,kenapa setiap ketemu orang baru mayoritas pertanyaan yang dilontarkan setelah identitas adalah 'kerja dimana / kuliah dimana' apa pendidikan dan karir termasuk salah satu cara untuk mengetahui sifat seseorang?
convomf,aku se circle dr smp sm tmnku 4 org dah pada lulus kuliah. ber3 jurusan pendidikan semua dan aku jurusan IT dan akuntansi. kita blm pd kerja semua. tpi mereka ber3 buka bisnis les dan aku ga diajak sama sekali. wajar kah klo begini?krna mungkin aku bukan jurusan pendidikan? 
dallaballer,@ub_mfs Sedangkan jika kamu yakin pendidikan tinggi akan membuka peluang kerja yang lebih besar dan gaji bervariasi silahkan pilih kuliah di UB.
pyureits,kok bisa yah langsung menyimpulkan harus berkata seperti itu padahal kan siapa tau setelahnya saya gak kuliah Mas. Saya pewaris tahta keluarga dengan kekayaan tujuh turunan yang ga habis-habis. aku anti memulai percakapanku dengan bertanya seputar pendidikan pekerjaan.
lapetop1,@kerang_art @oianas_ Pendidikan hrs murah dan terjangkau utk semua. Jaman pak harto subsidi biaya kuliah 90% jdi mahasiswa cma bayar 10%. Dan sdh ada capres yg punya program ini: pendidikan terjangkau utk semua termasuk kaum miskin.
PratamaSulkhan,@Arie_Kriting Berubah bang arie seperti beberapa daerah di papua yang tidak kondusif berubah menjadi kondusif harga cabe yang skrng mahal berubah menjadi terjangkau kuliah yang mahal bisa menjadi terjangkau bahkan kalau bisa 0rupiah biaya pendidikan kuliah yang sudah baik berlanjut
akununfaedah11,@imrenagi Dan laki2 hanya termaafkan kalo bisa jawab oh sy KERJA di sini sambil nemenin istri kuliah . Ya kembali lg takdir laki2 harus kena bagian pusingnya. Pendidikan adl hak bekerja adl kewajiban. Hak boleh diambil tp kewajiban harus diambil.
ndrafalett,kalo ini aku jadi kepikiran enaknya nanti Akmil Akpol Pendidikan atau Manajemen Bisnis ya pas kuliah ??
leivramxy,@yusuf_dumdum Kuliah Gratis untuk Anak Prajurit dan Bhayangkara. Woy Pilih kasih !! Rakyat miskin malah didiskriminasi secara tidak langsung! @ganjarpranowo hadeh. Pendidikan Gratis layak untuk seluruh Rakyat Indonesia bukan hanya untuk mereka anak2 yang kaya.
_mmustofaa,namun saat ini setelah proses pendidikan yang terus berlanjut sejak dari awal kuliah membaca berbagai sumber pengetahuan dan turut serta berdiskusi dalam lingkaran-lingkaran yang fokus terhadap isu-isu itu barulah terasa ruh dari slogan tersebut.
ReginaAthalas,@hausrr Spess gua banget ini mah pendidikan matematika mata kuliah trigonometri. Boleh banget ya https://t.co/JMquV2lJ2o https://t.co/JJQyaZYvAZ
sekararin02,@tanyakanrl Sender kamu &amp; pacar kamu harus bangun berbagai hal dulu. Pendidikan jenjang karir gaji biaya rutin tak terduga dll sblm bahas nikah. Intinya sekolah/kuliah aja dlu belajar yg bener bangun relasi cari pengalaman. Kuatin itu dulu sampe keduanya bs stabil untuk bicara nikah
